-- phpMyAdmin SQL Dump
-- version 4.9.7
-- https://www.phpmyadmin.net/
--
-- Host: localhost:3306
-- Generation Time: Sep 28, 2022 at 04:06 PM
-- Server version: 5.7.39
-- PHP Version: 7.4.30

SET SQL_MODE = "NO_AUTO_VALUE_ON_ZERO";
SET AUTOCOMMIT = 0;
START TRANSACTION;
SET time_zone = "+00:00";


/*!40101 SET @OLD_CHARACTER_SET_CLIENT=@@CHARACTER_SET_CLIENT */;
/*!40101 SET @OLD_CHARACTER_SET_RESULTS=@@CHARACTER_SET_RESULTS */;
/*!40101 SET @OLD_COLLATION_CONNECTION=@@COLLATION_CONNECTION */;
/*!40101 SET NAMES utf8mb4 */;

--
-- Database: `digitalf_dvmProject`
--

-- --------------------------------------------------------

--
-- Table structure for table `admin_panel_menu`
--

CREATE TABLE `admin_panel_menu` (
  `id` int(11) NOT NULL,
  `name` varchar(100) NOT NULL,
  `link` varchar(100) NOT NULL,
  `icon` varchar(100) DEFAULT NULL,
  `parent_id` int(11) DEFAULT '0',
  `is_parent` int(11) DEFAULT NULL,
  `is_child` int(11) DEFAULT NULL,
  `status` enum('1','2') NOT NULL DEFAULT '1',
  `created_at` timestamp NOT NULL DEFAULT CURRENT_TIMESTAMP
) ENGINE=InnoDB DEFAULT CHARSET=utf8mb4;

--
-- Dumping data for table `admin_panel_menu`
--

INSERT INTO `admin_panel_menu` (`id`, `name`, `link`, `icon`, `parent_id`, `is_parent`, `is_child`, `status`, `created_at`) VALUES
(1, 'Dashboard', 'dashboard', 'fa-solid fa-gauge', 0, 1, 0, '1', '2022-08-29 03:55:52'),
(2, 'Dashboard View', 'adminPanel', NULL, 1, 0, 1, '1', '2022-08-29 03:55:52'),
(3, 'School Profile', 'school/schoolProfile', NULL, 1, 0, 1, '1', '2022-08-29 03:55:52'),
(4, 'Students', 'students', 'fa-solid fa-graduation-cap', 0, 1, 0, '1', '2022-08-29 03:55:52'),
(5, 'List Students', 'student/list', NULL, 4, 0, 1, '1', '2022-08-29 03:55:52'),
(6, 'Add Student', 'student/addStudent', NULL, 4, 0, 1, '1', '2022-08-29 03:55:52'),
(12, 'Teachers', 'teachers', 'fa-solid fa-chalkboard-user', 0, 1, 0, '1', '2022-08-29 03:55:52'),
(13, 'List Teachers', 'teacher/list', NULL, 12, 0, 1, '1', '2022-08-29 03:55:52'),
(14, 'Add Teacher', 'teacher/addTeacher', NULL, 12, 0, 1, '1', '2022-08-29 03:55:52'),
(15, 'Masters', 'master', 'fa-solid fa-receipt', 0, 1, 0, '1', '2022-08-29 03:55:52'),
(16, 'City Master', 'master/cityMaster', NULL, 15, 0, 1, '1', '2022-08-29 03:55:52'),
(17, 'State Master', 'master/stateMaster', NULL, 15, 0, 1, '1', '2022-08-29 03:55:52'),
(18, 'Class Master', 'master/classMaster', NULL, 15, 0, 1, '1', '2022-08-29 03:55:52'),
(19, 'Section Master', 'master/sectionMaster', NULL, 15, 0, 1, '1', '2022-08-29 03:55:52'),
(20, 'Subject Master', 'master/subjectMaster', NULL, 15, 0, 1, '1', '2022-08-29 03:55:52'),
(21, 'Week Master', 'master/weekMaster', NULL, 15, 0, 1, '2', '2022-08-29 03:55:52'),
(22, 'Hour Master', 'master/hourMaster', NULL, 15, 0, 1, '1', '2022-08-29 03:55:52'),
(23, 'Teachers Subjects Master', 'master/teacherSubjectsMaster', NULL, 15, 0, 1, '1', '2022-08-29 03:55:52'),
(24, 'Time Table Master', 'master/timeTableSheduleMaster', NULL, 15, 0, 1, '1', '2022-08-29 03:55:52'),
(25, 'Panel User Master', 'master/panelUserMaster', NULL, 15, 0, 1, '1', '2022-08-29 03:55:52'),
(27, 'Staff', 'master', 'fa-solid fa-people-group', 0, 1, 0, '1', '2022-08-29 03:55:52'),
(28, 'Notification', 'master/notificationMaster', NULL, 27, 0, 1, '1', '2022-08-29 03:55:52'),
(29, 'Fees Master', 'master/feesMaster', NULL, 40, 0, 1, '1', '2022-08-29 03:55:52'),
(30, 'Month Master', 'master/monthMaster', NULL, 15, 0, 1, '2', '2022-08-29 03:55:52'),
(31, 'Fees Submit Master', 'master/submitFeesMaster', NULL, 40, 0, 1, '1', '2022-08-29 03:55:52'),
(32, 'Set DigiCoin Master', 'digicoin/setDigiCoinMaster', NULL, 33, 0, 1, '1', '2022-09-02 03:12:09'),
(33, 'DigiCoins', '#', 'fa-solid fa-coins', 0, 1, 0, '1', '2022-09-02 12:53:50'),
(34, 'Students DigiCoins', 'digicoin/studentDigiCoin', NULL, 33, 0, 1, '1', '2022-09-02 12:54:53'),
(35, 'Teachers DigiCoins', 'digicoin/teacherDigiCoin', NULL, 33, 0, 1, '1', '2022-09-02 12:54:53'),
(36, 'Gift Master', 'digicoin/giftMaster', NULL, 33, 0, 1, '1', '2022-09-04 02:40:27'),
(37, 'Gift Redeem Master', 'digicoin/giftRedeemMaster', NULL, 33, 0, 1, '1', '2022-09-06 02:33:05'),
(38, 'LeaderBoard', 'digicoin/leaderBoard', NULL, 33, 0, 1, '1', '2022-09-06 02:33:05'),
(39, 'Visitor Master', 'master/visitorMaster', NULL, 27, 0, 1, '1', '2022-09-07 03:18:48'),
(40, 'Fees', '#', 'fa-solid fa-money-bill-wave', 0, 1, 0, '1', '2022-09-10 06:18:08'),
(41, 'Fees Listing Master', 'master/feesListingMaster', NULL, 40, 0, 1, '1', '2022-09-10 06:18:08'),
(42, 'Fees Invoice', 'master/feesInvoice', NULL, 40, 0, 1, '1', '2022-09-11 02:33:41'),
(43, 'App Banner Master', 'master/bannerMaster', NULL, 27, 0, 1, '1', '2022-09-18 05:10:05'),
(44, 'Exam', '#', 'fa-solid fa-square-poll-horizontal', 0, 1, 0, '1', '2022-09-10 05:10:10'),
(45, 'All Exams', 'exam/allExams', NULL, 44, 0, 1, '1', '2022-09-20 03:46:49'),
(46, 'All Results', 'exam/allResults', NULL, 44, 0, 1, '1', '2022-08-29 03:55:52'),
(47, 'Teacher Reviews', 'teacher/teacherReviews', NULL, 12, 0, 1, '1', '2022-08-29 03:55:52'),
(48, 'Transport', '', 'fa-solid fa-bus', 0, 1, 0, '1', '2022-09-23 14:01:08'),
(49, 'Add Driver', 'driver/addDriver', NULL, 48, 0, 1, '1', '2022-09-23 14:03:11'),
(50, 'List Driver', 'driver/list', NULL, 48, 0, 1, '1', '2022-09-23 14:03:41'),
(51, 'Show Live Location', 'driver/showMap', NULL, 48, 0, 1, '1', '2022-08-29 03:55:52'),
(52, 'Academic', '', 'fa-solid fa-notebook', 0, 1, 0, '1', '2022-09-28 10:14:20'),
(53, 'Attendance List', 'academic/allAttendance', NULL, 52, 0, 1, '1', '2022-09-28 10:14:57');

-- --------------------------------------------------------

--
-- Table structure for table `attendence`
--

CREATE TABLE `attendence` (
  `id` int(11) NOT NULL,
  `schoolUniqueCode` varchar(100) DEFAULT NULL,
  `stu_id` int(11) NOT NULL,
  `stu_class` varchar(100) DEFAULT NULL,
  `stu_section` varchar(100) DEFAULT NULL,
  `login_user_id` int(11) NOT NULL,
  `login_user_type` varchar(100) NOT NULL,
  `attendenceStatus` enum('0','1','2','3') NOT NULL DEFAULT '0',
  `dateTime` timestamp NOT NULL DEFAULT CURRENT_TIMESTAMP,
  `att_date` date DEFAULT NULL,
  `status` enum('1','2','3','4') NOT NULL DEFAULT '1',
  `created_at` timestamp NOT NULL DEFAULT CURRENT_TIMESTAMP
) ENGINE=InnoDB DEFAULT CHARSET=utf8mb4;

--
-- Dumping data for table `attendence`
--

INSERT INTO `attendence` (`id`, `schoolUniqueCode`, `stu_id`, `stu_class`, `stu_section`, `login_user_id`, `login_user_type`, `attendenceStatus`, `dateTime`, `att_date`, `status`, `created_at`) VALUES
(1, '', 5, '11th', 'Arts', 3, 'Teacher', '1', '2022-08-21 02:31:31', '2022-08-21', '1', '2022-08-21 02:31:31'),
(2, '', 8, '11th', 'Arts', 3, 'Teacher', '1', '2022-08-21 02:31:31', '2022-08-21', '1', '2022-08-21 02:31:31'),
(3, '', 16, '11th', 'Arts', 3, 'Teacher', '0', '2022-08-21 02:31:31', '2022-08-21', '1', '2022-08-21 02:31:31'),
(4, NULL, 5, '11th', 'Arts', 2, 'Teacher', '1', '2022-08-29 00:37:07', '2022-08-29', '1', '2022-08-29 12:37:07'),
(5, NULL, 8, '11th', 'Arts', 2, 'Teacher', '1', '2022-08-29 00:37:07', '2022-08-29', '1', '2022-08-29 12:37:07'),
(6, NULL, 16, '11th', 'Arts', 2, 'Teacher', '0', '2022-08-29 00:37:07', '2022-08-29', '1', '2022-08-29 12:37:07'),
(7, NULL, 5, '11th', 'Arts', 2, 'Teacher', '0', '2022-08-29 19:36:16', '2022-08-30', '1', '2022-08-30 07:36:16'),
(8, NULL, 8, '11th', 'Arts', 2, 'Teacher', '1', '2022-08-29 19:36:16', '2022-08-30', '1', '2022-08-30 07:36:16'),
(9, NULL, 16, '11th', 'Arts', 2, 'Teacher', '0', '2022-08-29 19:36:16', '2022-08-30', '1', '2022-08-30 07:36:16'),
(10, '683611', 5, '11th', 'Arts', 2, 'Teacher', '1', '2022-08-31 01:28:01', '2022-08-31', '1', '2022-08-31 13:28:01'),
(11, '683611', 8, '11th', 'Arts', 2, 'Teacher', '0', '2022-08-31 01:28:01', '2022-08-31', '1', '2022-08-31 13:28:01'),
(12, '683611', 16, '11th', 'Arts', 2, 'Teacher', '1', '2022-08-31 01:28:01', '2022-08-31', '1', '2022-08-31 13:28:01'),
(13, '683611', 4, 'Nursery', 'A', 2, 'Teacher', '0', '2022-09-01 06:37:35', '2022-09-01', '1', '2022-09-01 06:37:35'),
(21, '683611', 5, '11th', 'Arts', 2, 'Teacher', '1', '2022-09-03 03:19:33', '2022-09-03', '1', '2022-09-03 15:19:33'),
(22, '683611', 8, '11th', 'Arts', 2, 'Teacher', '0', '2022-09-03 03:19:34', '2022-09-03', '1', '2022-09-03 15:19:34'),
(23, '683611', 16, '11th', 'Arts', 2, 'Teacher', '1', '2022-09-03 03:19:34', '2022-09-03', '1', '2022-09-03 15:19:34'),
(24, '683611', 5, '11th', 'Arts', 2, 'Teacher', '1', '2022-09-04 04:37:02', '2022-09-04', '1', '2022-09-04 04:37:02'),
(25, '683611', 8, '11th', 'Arts', 2, 'Teacher', '1', '2022-09-04 04:37:02', '2022-09-04', '1', '2022-09-04 04:37:02'),
(26, '683611', 16, '11th', 'Arts', 2, 'Teacher', '0', '2022-09-04 04:37:02', '2022-09-04', '1', '2022-09-04 04:37:02'),
(27, '683611', 4, 'Nursery', 'A', 2, 'Teacher', '1', '2022-09-04 04:46:09', '2022-09-04', '1', '2022-09-04 16:46:09'),
(32, '683611', 5, '11th', 'Arts', 6, 'Teacher', '1', '2022-09-05 03:44:31', '2022-09-05', '1', '2022-09-05 03:44:31'),
(33, '683611', 8, '11th', 'Arts', 6, 'Teacher', '1', '2022-09-05 03:44:31', '2022-09-05', '1', '2022-09-05 03:44:31'),
(34, '683611', 18, '11th', 'Arts', 6, 'Teacher', '0', '2022-09-05 03:44:31', '2022-09-05', '1', '2022-09-05 03:44:31'),
(35, '683611', 19, '11th', 'Arts', 6, 'Teacher', '1', '2022-09-05 03:44:31', '2022-09-05', '1', '2022-09-05 03:44:31'),
(36, '683611', 5, '11th', 'Arts', 2, 'Teacher', '1', '2022-09-06 01:58:26', '2022-09-06', '1', '2022-09-06 13:58:26'),
(37, '683611', 8, '11th', 'Arts', 2, 'Teacher', '1', '2022-09-06 01:58:26', '2022-09-06', '1', '2022-09-06 13:58:26'),
(38, '683611', 16, '11th', 'Arts', 2, 'Teacher', '0', '2022-09-06 01:58:26', '2022-09-06', '1', '2022-09-06 13:58:26'),
(39, '683611', 5, '11th', 'Arts', 2, 'Teacher', '1', '2022-09-07 01:16:52', '2022-09-07', '1', '2022-09-07 13:16:52'),
(40, '683611', 8, '11th', 'Arts', 2, 'Teacher', '0', '2022-09-07 01:16:52', '2022-09-07', '1', '2022-09-07 13:16:52'),
(41, '683611', 16, '11th', 'Arts', 2, 'Teacher', '1', '2022-09-07 01:16:52', '2022-09-07', '1', '2022-09-07 13:16:52'),
(42, '683611', 5, '11th', 'Arts', 2, 'Teacher', '0', '2022-09-08 02:53:55', '2022-09-08', '1', '2022-09-08 14:53:55'),
(43, '683611', 8, '11th', 'Arts', 2, 'Teacher', '1', '2022-09-08 02:53:55', '2022-09-08', '1', '2022-09-08 14:53:55'),
(44, '683611', 16, '11th', 'Arts', 2, 'Teacher', '0', '2022-09-08 02:53:55', '2022-09-08', '1', '2022-09-08 14:53:55'),
(45, '683611', 5, '11th', 'Arts', 2, 'Teacher', '1', '2022-09-08 20:53:48', '2022-09-09', '1', '2022-09-09 08:53:48'),
(46, '683611', 8, '11th', 'Arts', 2, 'Teacher', '1', '2022-09-08 20:53:48', '2022-09-09', '1', '2022-09-09 08:53:48'),
(47, '683611', 16, '11th', 'Arts', 2, 'Teacher', '0', '2022-09-08 20:53:48', '2022-09-09', '1', '2022-09-09 08:53:48'),
(48, '683611', 5, '11th', 'Arts', 9, 'Teacher', '1', '2022-09-09 19:54:56', '2022-09-10', '1', '2022-09-10 07:54:56'),
(49, '683611', 8, '11th', 'Arts', 9, 'Teacher', '1', '2022-09-09 19:54:56', '2022-09-10', '1', '2022-09-10 07:54:56'),
(50, '683611', 16, '11th', 'Arts', 9, 'Teacher', '0', '2022-09-09 19:54:56', '2022-09-10', '1', '2022-09-10 07:54:56'),
(51, '683611', 5, '11th', 'Arts', 2, 'Teacher', '1', '2022-09-11 04:49:06', '2022-09-11', '1', '2022-09-11 04:49:06'),
(52, '683611', 8, '11th', 'Arts', 2, 'Teacher', '1', '2022-09-11 04:49:06', '2022-09-11', '1', '2022-09-11 04:49:06'),
(53, '683611', 16, '11th', 'Arts', 2, 'Teacher', '0', '2022-09-11 04:49:06', '2022-09-11', '1', '2022-09-11 04:49:06'),
(54, '683611', 4, 'Nursery', 'A', 2, 'Teacher', '1', '2022-09-11 00:27:28', '2022-09-11', '1', '2022-09-11 12:27:28'),
(55, '683611', 27, 'Nursery', 'A', 2, 'Teacher', '0', '2022-09-11 00:27:28', '2022-09-11', '1', '2022-09-11 12:27:28'),
(56, '683611', 5, '11th', 'Arts', 2, 'Teacher', '1', '2022-09-12 22:00:21', '2022-09-13', '1', '2022-09-13 10:00:21'),
(57, '683611', 8, '11th', 'Arts', 2, 'Teacher', '0', '2022-09-12 22:00:21', '2022-09-13', '1', '2022-09-13 10:00:21'),
(58, '683611', 16, '11th', 'Arts', 2, 'Teacher', '1', '2022-09-12 22:00:21', '2022-09-13', '1', '2022-09-13 10:00:21'),
(59, '683611', 5, '11th', 'Arts', 2, 'Teacher', '1', '2022-09-14 19:41:03', '2022-09-15', '1', '2022-09-15 07:41:03'),
(60, '683611', 8, '11th', 'Arts', 2, 'Teacher', '1', '2022-09-14 19:41:03', '2022-09-15', '1', '2022-09-15 07:41:03'),
(61, '683611', 16, '11th', 'Arts', 2, 'Teacher', '0', '2022-09-14 19:41:03', '2022-09-15', '1', '2022-09-15 07:41:03'),
(62, '683611', 118, '11th', 'Arts', 2, 'Teacher', '1', '2022-09-14 19:41:03', '2022-09-15', '1', '2022-09-15 07:41:03'),
(63, '683611', 119, '11th', 'Arts', 2, 'Teacher', '1', '2022-09-14 19:41:03', '2022-09-15', '1', '2022-09-15 07:41:03'),
(64, '683611', 120, '11th', 'Arts', 2, 'Teacher', '0', '2022-09-14 19:41:03', '2022-09-15', '1', '2022-09-15 07:41:03'),
(65, '683611', 103, '10th', 'A', 2, 'Teacher', '1', '2022-09-15 00:21:13', '2022-09-15', '1', '2022-09-15 12:21:13'),
(66, '683611', 104, '10th', 'A', 2, 'Teacher', '', '2022-09-15 00:21:13', '2022-09-15', '1', '2022-09-15 12:21:13'),
(67, '683611', 105, '10th', 'A', 2, 'Teacher', '0', '2022-09-15 00:21:13', '2022-09-15', '1', '2022-09-15 12:21:13'),
(68, '683611', 58, '2nd', 'B', 2, 'Teacher', '1', '2022-09-15 00:22:27', '2022-09-15', '1', '2022-09-15 12:22:27'),
(69, '683611', 59, '2nd', 'B', 2, 'Teacher', '1', '2022-09-15 00:22:27', '2022-09-15', '1', '2022-09-15 12:22:27'),
(70, '683611', 60, '2nd', 'B', 2, 'Teacher', '1', '2022-09-15 00:22:27', '2022-09-15', '1', '2022-09-15 12:22:27'),
(71, '683611', 149, '2nd', 'B', 2, 'Teacher', '0', '2022-09-15 00:22:27', '2022-09-15', '1', '2022-09-15 12:22:27'),
(72, '683611', 5, '11th', 'Arts', 2, 'Teacher', '1', '2022-09-15 22:46:26', '2022-09-16', '1', '2022-09-16 10:46:26'),
(73, '683611', 8, '11th', 'Arts', 2, 'Teacher', '', '2022-09-15 22:46:26', '2022-09-16', '1', '2022-09-16 10:46:26'),
(74, '683611', 16, '11th', 'Arts', 2, 'Teacher', '0', '2022-09-15 22:46:26', '2022-09-16', '1', '2022-09-16 10:46:26'),
(75, '683611', 118, '11th', 'Arts', 2, 'Teacher', '', '2022-09-15 22:46:26', '2022-09-16', '1', '2022-09-16 10:46:26'),
(76, '683611', 119, '11th', 'Arts', 2, 'Teacher', '', '2022-09-15 22:46:26', '2022-09-16', '1', '2022-09-16 10:46:26'),
(77, '683611', 120, '11th', 'Arts', 2, 'Teacher', '1', '2022-09-15 22:46:26', '2022-09-16', '1', '2022-09-16 10:46:26'),
(78, '683611', 134, '11th', 'Arts', 2, 'Teacher', '1', '2022-09-15 22:46:26', '2022-09-16', '1', '2022-09-16 10:46:26'),
(79, '683611', 135, '11th', 'Arts', 2, 'Teacher', '0', '2022-09-15 22:46:26', '2022-09-16', '1', '2022-09-16 10:46:26'),
(80, '683611', 136, '11th', 'Arts', 2, 'Teacher', '', '2022-09-15 22:46:26', '2022-09-16', '1', '2022-09-16 10:46:26'),
(81, '683611', 137, '11th', 'Arts', 2, 'Teacher', '', '2022-09-15 22:46:26', '2022-09-16', '1', '2022-09-16 10:46:26'),
(82, '683611', 138, '11th', 'Arts', 2, 'Teacher', '', '2022-09-15 22:46:26', '2022-09-16', '1', '2022-09-16 10:46:26'),
(83, '683611', 139, '11th', 'Arts', 2, 'Teacher', '1', '2022-09-15 22:46:26', '2022-09-16', '1', '2022-09-16 10:46:26'),
(84, '683611', 140, '11th', 'Arts', 2, 'Teacher', '', '2022-09-15 22:46:26', '2022-09-16', '1', '2022-09-16 10:46:26'),
(85, '683611', 141, '11th', 'Arts', 2, 'Teacher', '1', '2022-09-15 22:46:26', '2022-09-16', '1', '2022-09-16 10:46:26'),
(86, '683611', 142, '11th', 'Arts', 2, 'Teacher', '1', '2022-09-15 22:46:26', '2022-09-16', '1', '2022-09-16 10:46:26'),
(87, '683611', 143, '11th', 'Arts', 2, 'Teacher', '1', '2022-09-15 22:46:26', '2022-09-16', '1', '2022-09-16 10:46:26'),
(88, '683611', 144, '11th', 'Arts', 2, 'Teacher', '0', '2022-09-15 22:46:26', '2022-09-16', '1', '2022-09-16 10:46:26'),
(89, '683611', 145, '11th', 'Arts', 2, 'Teacher', '0', '2022-09-15 22:46:26', '2022-09-16', '1', '2022-09-16 10:46:26'),
(90, '683611', 146, '11th', 'Arts', 2, 'Teacher', '0', '2022-09-15 22:46:26', '2022-09-16', '1', '2022-09-16 10:46:26'),
(91, '683611', 147, '11th', 'Arts', 2, 'Teacher', '1', '2022-09-15 22:46:26', '2022-09-16', '1', '2022-09-16 10:46:26'),
(92, '683611', 148, '11th', 'Arts', 2, 'Teacher', '', '2022-09-15 22:46:26', '2022-09-16', '1', '2022-09-16 10:46:26'),
(93, '683611', 150, '11th', 'Arts', 2, 'Teacher', '1', '2022-09-15 22:46:26', '2022-09-16', '1', '2022-09-16 10:46:26'),
(94, '683611', 151, '11th', 'Arts', 2, 'Teacher', '1', '2022-09-15 22:46:26', '2022-09-16', '1', '2022-09-16 10:46:26'),
(95, '683611', 152, '11th', 'Arts', 2, 'Teacher', '1', '2022-09-15 22:46:26', '2022-09-16', '1', '2022-09-16 10:46:26'),
(96, '683611', 153, '11th', 'Arts', 2, 'Teacher', '', '2022-09-15 22:46:26', '2022-09-16', '1', '2022-09-16 10:46:26'),
(97, '683611', 154, '11th', 'Arts', 2, 'Teacher', '', '2022-09-15 22:46:26', '2022-09-16', '1', '2022-09-16 10:46:26'),
(98, '683611', 155, '11th', 'Arts', 2, 'Teacher', '', '2022-09-15 22:46:26', '2022-09-16', '1', '2022-09-16 10:46:26'),
(99, '683611', 156, '11th', 'Arts', 2, 'Teacher', '', '2022-09-15 22:46:26', '2022-09-16', '1', '2022-09-16 10:46:26'),
(100, '683611', 157, '11th', 'Arts', 2, 'Teacher', '', '2022-09-15 22:46:26', '2022-09-16', '1', '2022-09-16 10:46:26'),
(101, '683611', 158, '11th', 'Arts', 2, 'Teacher', '', '2022-09-15 22:46:26', '2022-09-16', '1', '2022-09-16 10:46:26'),
(102, '683611', 159, '11th', 'Arts', 2, 'Teacher', '', '2022-09-15 22:46:26', '2022-09-16', '1', '2022-09-16 10:46:26'),
(103, '683611', 160, '11th', 'Arts', 2, 'Teacher', '1', '2022-09-15 22:46:26', '2022-09-16', '1', '2022-09-16 10:46:26'),
(104, '683611', 161, '11th', 'Arts', 2, 'Teacher', '', '2022-09-15 22:46:26', '2022-09-16', '1', '2022-09-16 10:46:26'),
(105, '683611', 162, '11th', 'Arts', 2, 'Teacher', '', '2022-09-15 22:46:26', '2022-09-16', '1', '2022-09-16 10:46:26'),
(106, '683611', 163, '11th', 'Arts', 2, 'Teacher', '', '2022-09-15 22:46:26', '2022-09-16', '1', '2022-09-16 10:46:26'),
(107, '683611', 164, '11th', 'Arts', 2, 'Teacher', '0', '2022-09-15 22:46:26', '2022-09-16', '1', '2022-09-16 10:46:26'),
(108, '683611', 165, '11th', 'Arts', 2, 'Teacher', '', '2022-09-15 22:46:26', '2022-09-16', '1', '2022-09-16 10:46:26'),
(109, '683611', 166, '11th', 'Arts', 2, 'Teacher', '1', '2022-09-15 22:46:26', '2022-09-16', '1', '2022-09-16 10:46:26'),
(110, '683611', 130, '12th', 'Arts', 2, 'Teacher', '1', '2022-09-15 22:47:19', '2022-09-16', '1', '2022-09-16 10:47:19'),
(111, '683611', 132, '12th', 'Arts', 2, 'Teacher', '0', '2022-09-15 22:47:19', '2022-09-16', '1', '2022-09-16 10:47:19'),
(112, '683611', 133, '12th', 'Arts', 2, 'Teacher', '0', '2022-09-15 22:47:19', '2022-09-16', '1', '2022-09-16 10:47:19'),
(113, '683611', 103, '10th', 'A', 2, 'Teacher', '1', '2022-09-16 02:02:18', '2022-09-16', '1', '2022-09-16 14:02:18'),
(114, '683611', 104, '10th', 'A', 2, 'Teacher', '0', '2022-09-16 02:02:18', '2022-09-16', '1', '2022-09-16 14:02:18'),
(115, '683611', 105, '10th', 'A', 2, 'Teacher', '1', '2022-09-16 02:02:18', '2022-09-16', '1', '2022-09-16 14:02:18'),
(116, '683611', 5, '11th', 'Arts', 2, 'Teacher', '', '2022-09-16 22:34:59', '2022-09-17', '1', '2022-09-17 10:34:59'),
(117, '683611', 8, '11th', 'Arts', 2, 'Teacher', '', '2022-09-16 22:34:59', '2022-09-17', '1', '2022-09-17 10:34:59'),
(118, '683611', 16, '11th', 'Arts', 2, 'Teacher', '', '2022-09-16 22:34:59', '2022-09-17', '1', '2022-09-17 10:34:59'),
(119, '683611', 118, '11th', 'Arts', 2, 'Teacher', '', '2022-09-16 22:34:59', '2022-09-17', '1', '2022-09-17 10:34:59'),
(120, '683611', 119, '11th', 'Arts', 2, 'Teacher', '', '2022-09-16 22:34:59', '2022-09-17', '1', '2022-09-17 10:34:59'),
(121, '683611', 120, '11th', 'Arts', 2, 'Teacher', '', '2022-09-16 22:34:59', '2022-09-17', '1', '2022-09-17 10:34:59'),
(122, '683611', 134, '11th', 'Arts', 2, 'Teacher', '1', '2022-09-16 22:34:59', '2022-09-17', '1', '2022-09-17 10:34:59'),
(123, '683611', 135, '11th', 'Arts', 2, 'Teacher', '1', '2022-09-16 22:34:59', '2022-09-17', '1', '2022-09-17 10:34:59'),
(124, '683611', 136, '11th', 'Arts', 2, 'Teacher', '0', '2022-09-16 22:34:59', '2022-09-17', '1', '2022-09-17 10:34:59'),
(125, '683611', 137, '11th', 'Arts', 2, 'Teacher', '1', '2022-09-16 22:34:59', '2022-09-17', '1', '2022-09-17 10:34:59'),
(126, '683611', 138, '11th', 'Arts', 2, 'Teacher', '0', '2022-09-16 22:34:59', '2022-09-17', '1', '2022-09-17 10:34:59'),
(127, '683611', 139, '11th', 'Arts', 2, 'Teacher', '0', '2022-09-16 22:34:59', '2022-09-17', '1', '2022-09-17 10:34:59'),
(128, '683611', 140, '11th', 'Arts', 2, 'Teacher', '1', '2022-09-16 22:34:59', '2022-09-17', '1', '2022-09-17 10:34:59'),
(129, '683611', 141, '11th', 'Arts', 2, 'Teacher', '1', '2022-09-16 22:34:59', '2022-09-17', '1', '2022-09-17 10:34:59'),
(130, '683611', 142, '11th', 'Arts', 2, 'Teacher', '0', '2022-09-16 22:34:59', '2022-09-17', '1', '2022-09-17 10:34:59'),
(131, '683611', 143, '11th', 'Arts', 2, 'Teacher', '0', '2022-09-16 22:34:59', '2022-09-17', '1', '2022-09-17 10:34:59'),
(132, '683611', 144, '11th', 'Arts', 2, 'Teacher', '', '2022-09-16 22:34:59', '2022-09-17', '1', '2022-09-17 10:34:59'),
(133, '683611', 145, '11th', 'Arts', 2, 'Teacher', '', '2022-09-16 22:34:59', '2022-09-17', '1', '2022-09-17 10:34:59'),
(134, '683611', 146, '11th', 'Arts', 2, 'Teacher', '', '2022-09-16 22:34:59', '2022-09-17', '1', '2022-09-17 10:34:59'),
(135, '683611', 147, '11th', 'Arts', 2, 'Teacher', '', '2022-09-16 22:34:59', '2022-09-17', '1', '2022-09-17 10:34:59'),
(136, '683611', 148, '11th', 'Arts', 2, 'Teacher', '', '2022-09-16 22:34:59', '2022-09-17', '1', '2022-09-17 10:34:59'),
(137, '683611', 150, '11th', 'Arts', 2, 'Teacher', '', '2022-09-16 22:34:59', '2022-09-17', '1', '2022-09-17 10:34:59'),
(138, '683611', 151, '11th', 'Arts', 2, 'Teacher', '', '2022-09-16 22:34:59', '2022-09-17', '1', '2022-09-17 10:34:59'),
(139, '683611', 152, '11th', 'Arts', 2, 'Teacher', '', '2022-09-16 22:34:59', '2022-09-17', '1', '2022-09-17 10:34:59'),
(140, '683611', 153, '11th', 'Arts', 2, 'Teacher', '', '2022-09-16 22:34:59', '2022-09-17', '1', '2022-09-17 10:34:59'),
(141, '683611', 154, '11th', 'Arts', 2, 'Teacher', '', '2022-09-16 22:34:59', '2022-09-17', '1', '2022-09-17 10:34:59'),
(142, '683611', 155, '11th', 'Arts', 2, 'Teacher', '', '2022-09-16 22:34:59', '2022-09-17', '1', '2022-09-17 10:34:59'),
(143, '683611', 156, '11th', 'Arts', 2, 'Teacher', '', '2022-09-16 22:34:59', '2022-09-17', '1', '2022-09-17 10:34:59'),
(144, '683611', 157, '11th', 'Arts', 2, 'Teacher', '', '2022-09-16 22:34:59', '2022-09-17', '1', '2022-09-17 10:34:59'),
(145, '683611', 158, '11th', 'Arts', 2, 'Teacher', '', '2022-09-16 22:34:59', '2022-09-17', '1', '2022-09-17 10:34:59'),
(146, '683611', 159, '11th', 'Arts', 2, 'Teacher', '', '2022-09-16 22:34:59', '2022-09-17', '1', '2022-09-17 10:34:59'),
(147, '683611', 160, '11th', 'Arts', 2, 'Teacher', '', '2022-09-16 22:34:59', '2022-09-17', '1', '2022-09-17 10:34:59'),
(148, '683611', 161, '11th', 'Arts', 2, 'Teacher', '', '2022-09-16 22:34:59', '2022-09-17', '1', '2022-09-17 10:34:59'),
(149, '683611', 162, '11th', 'Arts', 2, 'Teacher', '', '2022-09-16 22:34:59', '2022-09-17', '1', '2022-09-17 10:34:59'),
(150, '683611', 163, '11th', 'Arts', 2, 'Teacher', '', '2022-09-16 22:34:59', '2022-09-17', '1', '2022-09-17 10:34:59'),
(151, '683611', 164, '11th', 'Arts', 2, 'Teacher', '', '2022-09-16 22:34:59', '2022-09-17', '1', '2022-09-17 10:34:59'),
(152, '683611', 165, '11th', 'Arts', 2, 'Teacher', '', '2022-09-16 22:34:59', '2022-09-17', '1', '2022-09-17 10:34:59'),
(153, '683611', 166, '11th', 'Arts', 2, 'Teacher', '', '2022-09-16 22:34:59', '2022-09-17', '1', '2022-09-17 10:34:59'),
(154, '683611', 27, 'Nursery', 'A', 2, 'Teacher', '1', '2022-09-19 02:03:53', '2022-09-19', '1', '2022-09-19 02:03:53'),
(155, '683611', 31, 'Nursery', 'A', 2, 'Teacher', '1', '2022-09-19 02:03:53', '2022-09-19', '1', '2022-09-19 02:03:53'),
(156, '683611', 32, 'Nursery', 'A', 2, 'Teacher', '1', '2022-09-19 02:03:53', '2022-09-19', '1', '2022-09-19 02:03:53'),
(157, '683611', 33, 'Nursery', 'A', 2, 'Teacher', '0', '2022-09-19 02:03:53', '2022-09-19', '1', '2022-09-19 02:03:53'),
(158, '683611', 16, '11th', 'Arts', 9, 'Teacher', '0', '2022-09-20 04:15:19', '2022-09-20', '1', '2022-09-20 04:15:19'),
(159, '683611', 118, '11th', 'Arts', 9, 'Teacher', '1', '2022-09-20 04:15:19', '2022-09-20', '1', '2022-09-20 04:15:19'),
(160, '683611', 119, '11th', 'Arts', 9, 'Teacher', '1', '2022-09-20 04:15:19', '2022-09-20', '1', '2022-09-20 04:15:19'),
(161, '683611', 120, '11th', 'Arts', 9, 'Teacher', '1', '2022-09-20 04:15:19', '2022-09-20', '1', '2022-09-20 04:15:19'),
(162, '683611', 134, '11th', 'Arts', 9, 'Teacher', '0', '2022-09-20 04:15:19', '2022-09-20', '1', '2022-09-20 04:15:19'),
(163, '683611', 135, '11th', 'Arts', 9, 'Teacher', '1', '2022-09-20 04:15:19', '2022-09-20', '1', '2022-09-20 04:15:19'),
(164, '683611', 136, '11th', 'Arts', 9, 'Teacher', '0', '2022-09-20 04:15:19', '2022-09-20', '1', '2022-09-20 04:15:19'),
(165, '683611', 137, '11th', 'Arts', 9, 'Teacher', '1', '2022-09-20 04:15:19', '2022-09-20', '1', '2022-09-20 04:15:19'),
(166, '683611', 138, '11th', 'Arts', 9, 'Teacher', '0', '2022-09-20 04:15:19', '2022-09-20', '1', '2022-09-20 04:15:19'),
(167, '683611', 139, '11th', 'Arts', 9, 'Teacher', '1', '2022-09-20 04:15:19', '2022-09-20', '1', '2022-09-20 04:15:19'),
(168, '683611', 140, '11th', 'Arts', 9, 'Teacher', '0', '2022-09-20 04:15:19', '2022-09-20', '1', '2022-09-20 04:15:19'),
(169, '683611', 141, '11th', 'Arts', 9, 'Teacher', '1', '2022-09-20 04:15:19', '2022-09-20', '1', '2022-09-20 04:15:19'),
(170, '683611', 142, '11th', 'Arts', 9, 'Teacher', '0', '2022-09-20 04:15:19', '2022-09-20', '1', '2022-09-20 04:15:19'),
(171, '683611', 143, '11th', 'Arts', 9, 'Teacher', '1', '2022-09-20 04:15:19', '2022-09-20', '1', '2022-09-20 04:15:19'),
(172, '683611', 144, '11th', 'Arts', 9, 'Teacher', '0', '2022-09-20 04:15:19', '2022-09-20', '1', '2022-09-20 04:15:19'),
(173, '683611', 145, '11th', 'Arts', 9, 'Teacher', '1', '2022-09-20 04:15:19', '2022-09-20', '1', '2022-09-20 04:15:19'),
(174, '683611', 146, '11th', 'Arts', 9, 'Teacher', '0', '2022-09-20 04:15:19', '2022-09-20', '1', '2022-09-20 04:15:19'),
(175, '683611', 147, '11th', 'Arts', 9, 'Teacher', '1', '2022-09-20 04:15:19', '2022-09-20', '1', '2022-09-20 04:15:19'),
(176, '683611', 148, '11th', 'Arts', 9, 'Teacher', '0', '2022-09-20 04:15:19', '2022-09-20', '1', '2022-09-20 04:15:19'),
(177, '683611', 150, '11th', 'Arts', 9, 'Teacher', '1', '2022-09-20 04:15:19', '2022-09-20', '1', '2022-09-20 04:15:19'),
(178, '683611', 151, '11th', 'Arts', 9, 'Teacher', '1', '2022-09-20 04:15:19', '2022-09-20', '1', '2022-09-20 04:15:19'),
(179, '683611', 152, '11th', 'Arts', 9, 'Teacher', '1', '2022-09-20 04:15:19', '2022-09-20', '1', '2022-09-20 04:15:19'),
(180, '683611', 153, '11th', 'Arts', 9, 'Teacher', '0', '2022-09-20 04:15:19', '2022-09-20', '1', '2022-09-20 04:15:19'),
(181, '683611', 154, '11th', 'Arts', 9, 'Teacher', '0', '2022-09-20 04:15:19', '2022-09-20', '1', '2022-09-20 04:15:19'),
(182, '683611', 155, '11th', 'Arts', 9, 'Teacher', '1', '2022-09-20 04:15:19', '2022-09-20', '1', '2022-09-20 04:15:19'),
(183, '683611', 156, '11th', 'Arts', 9, 'Teacher', '1', '2022-09-20 04:15:19', '2022-09-20', '1', '2022-09-20 04:15:19'),
(184, '683611', 157, '11th', 'Arts', 9, 'Teacher', '0', '2022-09-20 04:15:19', '2022-09-20', '1', '2022-09-20 04:15:19'),
(185, '683611', 158, '11th', 'Arts', 9, 'Teacher', '1', '2022-09-20 04:15:19', '2022-09-20', '1', '2022-09-20 04:15:19'),
(186, '683611', 159, '11th', 'Arts', 9, 'Teacher', '0', '2022-09-20 04:15:19', '2022-09-20', '1', '2022-09-20 04:15:19'),
(187, '683611', 160, '11th', 'Arts', 9, 'Teacher', '1', '2022-09-20 04:15:19', '2022-09-20', '1', '2022-09-20 04:15:19'),
(188, '683611', 161, '11th', 'Arts', 9, 'Teacher', '0', '2022-09-20 04:15:19', '2022-09-20', '1', '2022-09-20 04:15:19'),
(189, '683611', 162, '11th', 'Arts', 9, 'Teacher', '1', '2022-09-20 04:15:19', '2022-09-20', '1', '2022-09-20 04:15:19'),
(190, '683611', 163, '11th', 'Arts', 9, 'Teacher', '0', '2022-09-20 04:15:19', '2022-09-20', '1', '2022-09-20 04:15:19'),
(191, '683611', 164, '11th', 'Arts', 9, 'Teacher', '0', '2022-09-20 04:15:19', '2022-09-20', '1', '2022-09-20 04:15:19'),
(192, '683611', 165, '11th', 'Arts', 9, 'Teacher', '1', '2022-09-20 04:15:19', '2022-09-20', '1', '2022-09-20 04:15:19'),
(193, '683611', 166, '11th', 'Arts', 9, 'Teacher', '1', '2022-09-20 04:15:19', '2022-09-20', '1', '2022-09-20 04:15:19'),
(194, '683611', 27, 'Nursery', 'A', 2, 'Teacher', '', '2022-09-20 05:04:50', '2022-09-20', '1', '2022-09-20 05:04:50'),
(195, '683611', 31, 'Nursery', 'A', 2, 'Teacher', '', '2022-09-20 05:04:50', '2022-09-20', '1', '2022-09-20 05:04:50'),
(196, '683611', 32, 'Nursery', 'A', 2, 'Teacher', '', '2022-09-20 05:04:50', '2022-09-20', '1', '2022-09-20 05:04:50'),
(197, '683611', 33, 'Nursery', 'A', 2, 'Teacher', '', '2022-09-20 05:04:50', '2022-09-20', '1', '2022-09-20 05:04:50'),
(198, '683611', 37, 'LKG', 'A', 2, 'Teacher', '1', '2022-09-19 21:02:21', '2022-09-20', '1', '2022-09-20 09:02:21'),
(199, '683611', 38, 'LKG', 'A', 2, 'Teacher', '0', '2022-09-19 21:02:21', '2022-09-20', '1', '2022-09-20 09:02:21'),
(200, '683611', 39, 'LKG', 'A', 2, 'Teacher', '1', '2022-09-19 21:02:21', '2022-09-20', '1', '2022-09-20 09:02:21'),
(201, '683611', 130, '12th', 'Arts', 2, 'Teacher', '', '2022-09-19 23:27:47', '2022-09-20', '1', '2022-09-20 11:27:47'),
(202, '683611', 132, '12th', 'Arts', 2, 'Teacher', '', '2022-09-19 23:27:47', '2022-09-20', '1', '2022-09-20 11:27:47'),
(203, '683611', 133, '12th', 'Arts', 2, 'Teacher', '', '2022-09-19 23:27:47', '2022-09-20', '1', '2022-09-20 11:27:47'),
(204, '683611', 49, '1st', 'A', 2, 'Teacher', '1', '2022-09-20 00:53:10', '2022-09-20', '1', '2022-09-20 12:53:10'),
(205, '683611', 50, '1st', 'A', 2, 'Teacher', '1', '2022-09-20 00:53:10', '2022-09-20', '1', '2022-09-20 12:53:10'),
(206, '683611', 51, '1st', 'A', 2, 'Teacher', '', '2022-09-20 00:53:10', '2022-09-20', '1', '2022-09-20 12:53:10'),
(207, '683611', 52, '1st', 'B', 2, 'Teacher', '1', '2022-09-20 00:53:59', '2022-09-20', '1', '2022-09-20 12:53:59'),
(208, '683611', 53, '1st', 'B', 2, 'Teacher', '1', '2022-09-20 00:53:59', '2022-09-20', '1', '2022-09-20 12:53:59'),
(209, '683611', 54, '1st', 'B', 2, 'Teacher', '1', '2022-09-20 00:53:59', '2022-09-20', '1', '2022-09-20 12:53:59'),
(210, '683611', 27, 'Nursery', 'A', 2, 'Teacher', '1', '2022-09-21 00:46:53', '2022-09-21', '1', '2022-09-21 00:46:53'),
(211, '683611', 31, 'Nursery', 'A', 2, 'Teacher', '0', '2022-09-21 00:46:53', '2022-09-21', '1', '2022-09-21 00:46:53'),
(212, '683611', 32, 'Nursery', 'A', 2, 'Teacher', '1', '2022-09-21 00:46:53', '2022-09-21', '1', '2022-09-21 00:46:53'),
(213, '683611', 33, 'Nursery', 'A', 2, 'Teacher', '0', '2022-09-21 00:46:53', '2022-09-21', '1', '2022-09-21 00:46:53'),
(214, '683611', 103, '10th', 'A', 2, 'Teacher', '1', '2022-09-21 02:07:31', '2022-09-21', '1', '2022-09-21 02:07:31'),
(215, '683611', 104, '10th', 'A', 2, 'Teacher', '0', '2022-09-21 02:07:31', '2022-09-21', '1', '2022-09-21 02:07:31'),
(216, '683611', 105, '10th', 'A', 2, 'Teacher', '1', '2022-09-21 02:07:31', '2022-09-21', '1', '2022-09-21 02:07:31'),
(217, '683611', 37, 'LKG', 'A', 2, 'Teacher', '1', '2022-09-20 20:01:47', '2022-09-21', '1', '2022-09-21 08:01:47'),
(218, '683611', 38, 'LKG', 'A', 2, 'Teacher', '1', '2022-09-20 20:01:47', '2022-09-21', '1', '2022-09-21 08:01:47'),
(219, '683611', 39, 'LKG', 'A', 2, 'Teacher', '0', '2022-09-20 20:01:47', '2022-09-21', '1', '2022-09-21 08:01:47'),
(220, '683611', 43, 'UKG', 'A', 2, 'Teacher', '1', '2022-09-20 22:25:38', '2022-09-21', '1', '2022-09-21 10:25:38'),
(221, '683611', 44, 'UKG', 'A', 2, 'Teacher', '1', '2022-09-20 22:25:38', '2022-09-21', '1', '2022-09-21 10:25:38'),
(222, '683611', 45, 'UKG', 'A', 2, 'Teacher', '0', '2022-09-20 22:25:38', '2022-09-21', '1', '2022-09-21 10:25:38'),
(223, '683611', 52, '1st', 'B', 2, 'Teacher', '1', '2022-09-21 01:48:21', '2022-09-21', '1', '2022-09-21 13:48:21'),
(224, '683611', 53, '1st', 'B', 2, 'Teacher', '0', '2022-09-21 01:48:21', '2022-09-21', '1', '2022-09-21 13:48:21'),
(225, '683611', 54, '1st', 'B', 2, 'Teacher', '1', '2022-09-21 01:48:21', '2022-09-21', '1', '2022-09-21 13:48:21'),
(226, '683611', 49, '1st', 'A', 2, 'Teacher', '1', '2022-09-21 02:01:43', '2022-09-21', '1', '2022-09-21 14:01:43'),
(227, '683611', 50, '1st', 'A', 2, 'Teacher', '0', '2022-09-21 02:01:43', '2022-09-21', '1', '2022-09-21 14:01:43'),
(228, '683611', 51, '1st', 'A', 2, 'Teacher', '1', '2022-09-21 02:01:43', '2022-09-21', '1', '2022-09-21 14:01:43'),
(229, '683611', 16, '11th', 'Arts', 9, 'Teacher', '', '2022-09-22 05:45:43', '2022-09-22', '1', '2022-09-22 05:45:43'),
(230, '683611', 118, '11th', 'Arts', 9, 'Teacher', '', '2022-09-22 05:45:43', '2022-09-22', '1', '2022-09-22 05:45:43'),
(231, '683611', 119, '11th', 'Arts', 9, 'Teacher', '', '2022-09-22 05:45:43', '2022-09-22', '1', '2022-09-22 05:45:43'),
(232, '683611', 120, '11th', 'Arts', 9, 'Teacher', '', '2022-09-22 05:45:43', '2022-09-22', '1', '2022-09-22 05:45:43'),
(233, '683611', 134, '11th', 'Arts', 9, 'Teacher', '', '2022-09-22 05:45:43', '2022-09-22', '1', '2022-09-22 05:45:43'),
(234, '683611', 135, '11th', 'Arts', 9, 'Teacher', '', '2022-09-22 05:45:43', '2022-09-22', '1', '2022-09-22 05:45:43'),
(235, '683611', 136, '11th', 'Arts', 9, 'Teacher', '', '2022-09-22 05:45:43', '2022-09-22', '1', '2022-09-22 05:45:43'),
(236, '683611', 137, '11th', 'Arts', 9, 'Teacher', '', '2022-09-22 05:45:43', '2022-09-22', '1', '2022-09-22 05:45:43'),
(237, '683611', 138, '11th', 'Arts', 9, 'Teacher', '', '2022-09-22 05:45:43', '2022-09-22', '1', '2022-09-22 05:45:43'),
(238, '683611', 139, '11th', 'Arts', 9, 'Teacher', '', '2022-09-22 05:45:43', '2022-09-22', '1', '2022-09-22 05:45:43'),
(239, '683611', 140, '11th', 'Arts', 9, 'Teacher', '', '2022-09-22 05:45:43', '2022-09-22', '1', '2022-09-22 05:45:43'),
(240, '683611', 141, '11th', 'Arts', 9, 'Teacher', '', '2022-09-22 05:45:43', '2022-09-22', '1', '2022-09-22 05:45:43'),
(241, '683611', 142, '11th', 'Arts', 9, 'Teacher', '', '2022-09-22 05:45:43', '2022-09-22', '1', '2022-09-22 05:45:43'),
(242, '683611', 143, '11th', 'Arts', 9, 'Teacher', '', '2022-09-22 05:45:43', '2022-09-22', '1', '2022-09-22 05:45:43'),
(243, '683611', 144, '11th', 'Arts', 9, 'Teacher', '', '2022-09-22 05:45:43', '2022-09-22', '1', '2022-09-22 05:45:43'),
(244, '683611', 145, '11th', 'Arts', 9, 'Teacher', '', '2022-09-22 05:45:43', '2022-09-22', '1', '2022-09-22 05:45:43'),
(245, '683611', 146, '11th', 'Arts', 9, 'Teacher', '', '2022-09-22 05:45:43', '2022-09-22', '1', '2022-09-22 05:45:43'),
(246, '683611', 147, '11th', 'Arts', 9, 'Teacher', '', '2022-09-22 05:45:43', '2022-09-22', '1', '2022-09-22 05:45:43'),
(247, '683611', 148, '11th', 'Arts', 9, 'Teacher', '', '2022-09-22 05:45:43', '2022-09-22', '1', '2022-09-22 05:45:43'),
(248, '683611', 150, '11th', 'Arts', 9, 'Teacher', '', '2022-09-22 05:45:43', '2022-09-22', '1', '2022-09-22 05:45:43'),
(249, '683611', 151, '11th', 'Arts', 9, 'Teacher', '', '2022-09-22 05:45:43', '2022-09-22', '1', '2022-09-22 05:45:43'),
(250, '683611', 152, '11th', 'Arts', 9, 'Teacher', '', '2022-09-22 05:45:43', '2022-09-22', '1', '2022-09-22 05:45:43'),
(251, '683611', 153, '11th', 'Arts', 9, 'Teacher', '', '2022-09-22 05:45:43', '2022-09-22', '1', '2022-09-22 05:45:43'),
(252, '683611', 154, '11th', 'Arts', 9, 'Teacher', '', '2022-09-22 05:45:43', '2022-09-22', '1', '2022-09-22 05:45:43'),
(253, '683611', 155, '11th', 'Arts', 9, 'Teacher', '', '2022-09-22 05:45:43', '2022-09-22', '1', '2022-09-22 05:45:43'),
(254, '683611', 156, '11th', 'Arts', 9, 'Teacher', '', '2022-09-22 05:45:43', '2022-09-22', '1', '2022-09-22 05:45:43'),
(255, '683611', 157, '11th', 'Arts', 9, 'Teacher', '', '2022-09-22 05:45:43', '2022-09-22', '1', '2022-09-22 05:45:43'),
(256, '683611', 158, '11th', 'Arts', 9, 'Teacher', '', '2022-09-22 05:45:43', '2022-09-22', '1', '2022-09-22 05:45:43'),
(257, '683611', 159, '11th', 'Arts', 9, 'Teacher', '', '2022-09-22 05:45:43', '2022-09-22', '1', '2022-09-22 05:45:43'),
(258, '683611', 160, '11th', 'Arts', 9, 'Teacher', '', '2022-09-22 05:45:43', '2022-09-22', '1', '2022-09-22 05:45:43'),
(259, '683611', 161, '11th', 'Arts', 9, 'Teacher', '', '2022-09-22 05:45:43', '2022-09-22', '1', '2022-09-22 05:45:43'),
(260, '683611', 162, '11th', 'Arts', 9, 'Teacher', '', '2022-09-22 05:45:43', '2022-09-22', '1', '2022-09-22 05:45:43'),
(261, '683611', 163, '11th', 'Arts', 9, 'Teacher', '', '2022-09-22 05:45:43', '2022-09-22', '1', '2022-09-22 05:45:43'),
(262, '683611', 164, '11th', 'Arts', 9, 'Teacher', '', '2022-09-22 05:45:43', '2022-09-22', '1', '2022-09-22 05:45:43'),
(263, '683611', 165, '11th', 'Arts', 9, 'Teacher', '', '2022-09-22 05:45:43', '2022-09-22', '1', '2022-09-22 05:45:43'),
(264, '683611', 166, '11th', 'Arts', 9, 'Teacher', '', '2022-09-22 05:45:43', '2022-09-22', '1', '2022-09-22 05:45:43'),
(265, '683611', 37, 'LKG', 'A', 11, 'Teacher', '1', '2022-09-21 21:25:04', '2022-09-22', '1', '2022-09-22 09:25:04'),
(266, '683611', 38, 'LKG', 'A', 11, 'Teacher', '1', '2022-09-21 21:25:04', '2022-09-22', '1', '2022-09-22 09:25:04'),
(267, '683611', 39, 'LKG', 'A', 11, 'Teacher', '0', '2022-09-21 21:25:04', '2022-09-22', '1', '2022-09-22 09:25:04'),
(268, '683611', 40, 'LKG', 'B', 2, 'Teacher', '', '2022-09-22 04:26:41', '2022-09-22', '1', '2022-09-22 16:26:41'),
(269, '683611', 41, 'LKG', 'B', 2, 'Teacher', '', '2022-09-22 04:26:41', '2022-09-22', '1', '2022-09-22 16:26:41'),
(270, '683611', 42, 'LKG', 'B', 2, 'Teacher', '', '2022-09-22 04:26:41', '2022-09-22', '1', '2022-09-22 16:26:41'),
(271, '683611', 97, '9th', 'A', 2, 'Teacher', '', '2022-09-23 01:10:50', '2022-09-23', '1', '2022-09-23 01:10:50'),
(272, '683611', 98, '9th', 'A', 2, 'Teacher', '', '2022-09-23 01:10:50', '2022-09-23', '1', '2022-09-23 01:10:50'),
(273, '683611', 99, '9th', 'A', 2, 'Teacher', '', '2022-09-23 01:10:50', '2022-09-23', '1', '2022-09-23 01:10:50'),
(295, '683611', 37, 'LKG', 'A', 6, 'Teacher', '1', '2022-09-23 02:01:08', '2022-09-23', '1', '2022-09-23 02:01:08'),
(296, '683611', 38, 'LKG', 'A', 6, 'Teacher', '1', '2022-09-23 02:01:08', '2022-09-23', '1', '2022-09-23 02:01:08'),
(297, '683611', 39, 'LKG', 'A', 6, 'Teacher', '0', '2022-09-23 02:01:08', '2022-09-23', '1', '2022-09-23 02:01:08'),
(298, '683611', 91, '8th', 'A', 2, 'Teacher', '0', '2022-09-22 19:34:13', '2022-09-23', '1', '2022-09-23 07:34:13'),
(299, '683611', 92, '8th', 'A', 2, 'Teacher', '1', '2022-09-22 19:34:13', '2022-09-23', '1', '2022-09-23 07:34:13'),
(300, '683611', 93, '8th', 'A', 2, 'Teacher', '0', '2022-09-22 19:34:13', '2022-09-23', '1', '2022-09-23 07:34:13'),
(301, '683611', 16, '11th', 'Arts', 2, 'Teacher', '1', '2022-09-22 22:33:10', '2022-09-23', '1', '2022-09-23 10:33:10'),
(302, '683611', 118, '11th', 'Arts', 2, 'Teacher', '1', '2022-09-22 22:33:10', '2022-09-23', '1', '2022-09-23 10:33:10'),
(303, '683611', 119, '11th', 'Arts', 2, 'Teacher', '0', '2022-09-22 22:33:10', '2022-09-23', '1', '2022-09-23 10:33:10'),
(304, '683611', 120, '11th', 'Arts', 2, 'Teacher', '1', '2022-09-22 22:33:10', '2022-09-23', '1', '2022-09-23 10:33:10'),
(305, '683611', 134, '11th', 'Arts', 2, 'Teacher', '0', '2022-09-22 22:33:10', '2022-09-23', '1', '2022-09-23 10:33:10'),
(306, '683611', 135, '11th', 'Arts', 2, 'Teacher', '1', '2022-09-22 22:33:10', '2022-09-23', '1', '2022-09-23 10:33:10'),
(307, '683611', 136, '11th', 'Arts', 2, 'Teacher', '0', '2022-09-22 22:33:10', '2022-09-23', '1', '2022-09-23 10:33:10'),
(308, '683611', 137, '11th', 'Arts', 2, 'Teacher', '1', '2022-09-22 22:33:10', '2022-09-23', '1', '2022-09-23 10:33:10'),
(309, '683611', 138, '11th', 'Arts', 2, 'Teacher', '1', '2022-09-22 22:33:10', '2022-09-23', '1', '2022-09-23 10:33:10'),
(310, '683611', 139, '11th', 'Arts', 2, 'Teacher', '1', '2022-09-22 22:33:10', '2022-09-23', '1', '2022-09-23 10:33:10'),
(311, '683611', 140, '11th', 'Arts', 2, 'Teacher', '0', '2022-09-22 22:33:10', '2022-09-23', '1', '2022-09-23 10:33:10'),
(312, '683611', 141, '11th', 'Arts', 2, 'Teacher', '1', '2022-09-22 22:33:10', '2022-09-23', '1', '2022-09-23 10:33:10'),
(313, '683611', 142, '11th', 'Arts', 2, 'Teacher', '0', '2022-09-22 22:33:10', '2022-09-23', '1', '2022-09-23 10:33:10'),
(314, '683611', 143, '11th', 'Arts', 2, 'Teacher', '1', '2022-09-22 22:33:10', '2022-09-23', '1', '2022-09-23 10:33:10'),
(315, '683611', 144, '11th', 'Arts', 2, 'Teacher', '1', '2022-09-22 22:33:10', '2022-09-23', '1', '2022-09-23 10:33:10'),
(316, '683611', 145, '11th', 'Arts', 2, 'Teacher', '1', '2022-09-22 22:33:10', '2022-09-23', '1', '2022-09-23 10:33:10'),
(317, '683611', 146, '11th', 'Arts', 2, 'Teacher', '0', '2022-09-22 22:33:10', '2022-09-23', '1', '2022-09-23 10:33:10'),
(318, '683611', 147, '11th', 'Arts', 2, 'Teacher', '0', '2022-09-22 22:33:10', '2022-09-23', '1', '2022-09-23 10:33:10'),
(319, '683611', 148, '11th', 'Arts', 2, 'Teacher', '1', '2022-09-22 22:33:10', '2022-09-23', '1', '2022-09-23 10:33:10'),
(320, '683611', 150, '11th', 'Arts', 2, 'Teacher', '1', '2022-09-22 22:33:10', '2022-09-23', '1', '2022-09-23 10:33:10'),
(321, '683611', 151, '11th', 'Arts', 2, 'Teacher', '1', '2022-09-22 22:33:10', '2022-09-23', '1', '2022-09-23 10:33:10'),
(322, '683611', 152, '11th', 'Arts', 2, 'Teacher', '0', '2022-09-22 22:33:10', '2022-09-23', '1', '2022-09-23 10:33:10'),
(323, '683611', 153, '11th', 'Arts', 2, 'Teacher', '1', '2022-09-22 22:33:10', '2022-09-23', '1', '2022-09-23 10:33:10'),
(324, '683611', 154, '11th', 'Arts', 2, 'Teacher', '1', '2022-09-22 22:33:10', '2022-09-23', '1', '2022-09-23 10:33:10'),
(325, '683611', 155, '11th', 'Arts', 2, 'Teacher', '1', '2022-09-22 22:33:10', '2022-09-23', '1', '2022-09-23 10:33:10'),
(326, '683611', 156, '11th', 'Arts', 2, 'Teacher', '0', '2022-09-22 22:33:10', '2022-09-23', '1', '2022-09-23 10:33:10'),
(327, '683611', 157, '11th', 'Arts', 2, 'Teacher', '1', '2022-09-22 22:33:10', '2022-09-23', '1', '2022-09-23 10:33:10'),
(328, '683611', 158, '11th', 'Arts', 2, 'Teacher', '0', '2022-09-22 22:33:10', '2022-09-23', '1', '2022-09-23 10:33:10'),
(329, '683611', 159, '11th', 'Arts', 2, 'Teacher', '1', '2022-09-22 22:33:10', '2022-09-23', '1', '2022-09-23 10:33:10'),
(330, '683611', 160, '11th', 'Arts', 2, 'Teacher', '0', '2022-09-22 22:33:10', '2022-09-23', '1', '2022-09-23 10:33:10'),
(331, '683611', 161, '11th', 'Arts', 2, 'Teacher', '1', '2022-09-22 22:33:10', '2022-09-23', '1', '2022-09-23 10:33:10'),
(332, '683611', 162, '11th', 'Arts', 2, 'Teacher', '0', '2022-09-22 22:33:10', '2022-09-23', '1', '2022-09-23 10:33:10'),
(333, '683611', 163, '11th', 'Arts', 2, 'Teacher', '0', '2022-09-22 22:33:10', '2022-09-23', '1', '2022-09-23 10:33:10'),
(334, '683611', 164, '11th', 'Arts', 2, 'Teacher', '1', '2022-09-22 22:33:10', '2022-09-23', '1', '2022-09-23 10:33:10'),
(335, '683611', 165, '11th', 'Arts', 2, 'Teacher', '0', '2022-09-22 22:33:10', '2022-09-23', '1', '2022-09-23 10:33:10'),
(336, '683611', 166, '11th', 'Arts', 2, 'Teacher', '1', '2022-09-22 22:33:10', '2022-09-23', '1', '2022-09-23 10:33:10'),
(337, '683611', 121, '12th', 'Maths', 2, 'Teacher', '1', '2022-09-23 03:21:37', '2022-09-23', '1', '2022-09-23 15:21:37'),
(338, '683611', 122, '12th', 'Maths', 2, 'Teacher', '0', '2022-09-23 03:21:37', '2022-09-23', '1', '2022-09-23 15:21:37'),
(339, '683611', 123, '12th', 'Maths', 2, 'Teacher', '1', '2022-09-23 03:21:37', '2022-09-23', '1', '2022-09-23 15:21:37'),
(340, '683611', 131, '12th', 'Maths', 2, 'Teacher', '1', '2022-09-23 03:21:37', '2022-09-23', '1', '2022-09-23 15:21:37'),
(341, '683611', 103, '10th', 'A', 2, 'Teacher', '1', '2022-09-24 01:47:19', '2022-09-24', '1', '2022-09-24 01:47:19'),
(342, '683611', 104, '10th', 'A', 2, 'Teacher', '0', '2022-09-24 01:47:19', '2022-09-24', '1', '2022-09-24 01:47:19'),
(343, '683611', 105, '10th', 'A', 2, 'Teacher', '1', '2022-09-24 01:47:19', '2022-09-24', '1', '2022-09-24 01:47:19'),
(344, '683611', 130, '12th', 'Arts', 2, 'Teacher', '1', '2022-09-24 01:58:00', '2022-09-24', '1', '2022-09-24 01:58:00'),
(345, '683611', 132, '12th', 'Arts', 2, 'Teacher', '1', '2022-09-24 01:58:00', '2022-09-24', '1', '2022-09-24 01:58:00'),
(346, '683611', 133, '12th', 'Arts', 2, 'Teacher', '0', '2022-09-24 01:58:00', '2022-09-24', '1', '2022-09-24 01:58:00'),
(347, '683611', 37, 'LKG', 'A', 6, 'Teacher', '1', '2022-09-24 01:58:41', '2022-09-24', '1', '2022-09-24 01:58:41'),
(348, '683611', 38, 'LKG', 'A', 6, 'Teacher', '1', '2022-09-24 01:58:41', '2022-09-24', '1', '2022-09-24 01:58:41'),
(349, '683611', 39, 'LKG', 'A', 6, 'Teacher', '0', '2022-09-24 01:58:41', '2022-09-24', '1', '2022-09-24 01:58:41'),
(350, '683611', 40, '1st', 'B', 6, 'Teacher', '1', '2022-09-24 02:00:29', '2022-09-24', '1', '2022-09-24 02:00:29'),
(351, '683611', 45, '1st', 'B', 6, 'Teacher', '1', '2022-09-24 02:00:29', '2022-09-24', '1', '2022-09-24 02:00:29'),
(352, '683611', 50, '1st', 'B', 6, 'Teacher', '0', '2022-09-24 02:00:29', '2022-09-24', '1', '2022-09-24 02:00:29'),
(353, '683611', 124, '12th', 'Com', 2, 'Teacher', '1', '2022-09-24 02:03:35', '2022-09-24', '1', '2022-09-24 02:03:35'),
(354, '683611', 125, '12th', 'Com', 2, 'Teacher', '0', '2022-09-24 02:03:35', '2022-09-24', '1', '2022-09-24 02:03:35'),
(355, '683611', 126, '12th', 'Com', 2, 'Teacher', '1', '2022-09-24 02:03:35', '2022-09-24', '1', '2022-09-24 02:03:35'),
(356, '683611', 41, '2nd', 'B', 6, 'Teacher', '1', '2022-09-24 02:04:43', '2022-09-24', '1', '2022-09-24 02:04:43'),
(357, '683611', 46, '2nd', 'B', 6, 'Teacher', '1', '2022-09-24 02:04:43', '2022-09-24', '1', '2022-09-24 02:04:43'),
(358, '683611', 51, '2nd', 'B', 6, 'Teacher', '0', '2022-09-24 02:04:43', '2022-09-24', '1', '2022-09-24 02:04:43'),
(359, '683611', 52, '2nd', 'B', 6, 'Teacher', '0', '2022-09-24 02:04:43', '2022-09-24', '1', '2022-09-24 02:04:43'),
(360, '683611', 61, '3rd', 'A', 2, 'Teacher', '1', '2022-09-24 06:04:57', '2022-09-24', '1', '2022-09-24 06:04:57'),
(361, '683611', 62, '3rd', 'A', 2, 'Teacher', '1', '2022-09-24 06:04:57', '2022-09-24', '1', '2022-09-24 06:04:57'),
(362, '683611', 63, '3rd', 'A', 2, 'Teacher', '0', '2022-09-24 06:04:57', '2022-09-24', '1', '2022-09-24 06:04:57'),
(363, '683611', 27, 'Nursery', 'A', 2, 'Teacher', '', '2022-09-24 03:27:14', '2022-09-24', '1', '2022-09-24 15:27:14'),
(364, '683611', 31, 'Nursery', 'A', 2, 'Teacher', '', '2022-09-24 03:27:14', '2022-09-24', '1', '2022-09-24 15:27:14'),
(365, '683611', 32, 'Nursery', 'A', 2, 'Teacher', '', '2022-09-24 03:27:14', '2022-09-24', '1', '2022-09-24 15:27:14'),
(366, '683611', 33, 'Nursery', 'A', 2, 'Teacher', '', '2022-09-24 03:27:14', '2022-09-24', '1', '2022-09-24 15:27:14'),
(367, '683611', 73, '5th', 'A', 2, 'Teacher', '0', '2022-09-26 00:17:08', '2022-09-26', '1', '2022-09-26 00:17:08'),
(368, '683611', 74, '5th', 'A', 2, 'Teacher', '1', '2022-09-26 00:17:08', '2022-09-26', '1', '2022-09-26 00:17:08'),
(369, '683611', 75, '5th', 'A', 2, 'Teacher', '1', '2022-09-26 00:17:08', '2022-09-26', '1', '2022-09-26 00:17:08'),
(370, '683611', 27, 'Nursery', 'A', 2, 'Teacher', '1', '2022-09-25 22:05:30', '2022-09-26', '1', '2022-09-26 10:05:30'),
(371, '683611', 31, 'Nursery', 'A', 2, 'Teacher', '0', '2022-09-25 22:05:30', '2022-09-26', '1', '2022-09-26 10:05:30'),
(372, '683611', 32, 'Nursery', 'A', 2, 'Teacher', '1', '2022-09-25 22:05:30', '2022-09-26', '1', '2022-09-26 10:05:30'),
(373, '683611', 33, 'Nursery', 'A', 2, 'Teacher', '1', '2022-09-25 22:05:30', '2022-09-26', '1', '2022-09-26 10:05:30'),
(374, '683611', 16, '11th', 'Arts', 4, 'Teacher', '1', '2022-09-27 02:40:38', '2022-09-27', '1', '2022-09-27 02:40:38'),
(375, '683611', 118, '11th', 'Arts', 4, 'Teacher', '0', '2022-09-27 02:40:38', '2022-09-27', '1', '2022-09-27 02:40:38'),
(376, '683611', 119, '11th', 'Arts', 4, 'Teacher', '1', '2022-09-27 02:40:38', '2022-09-27', '1', '2022-09-27 02:40:38'),
(377, '683611', 120, '11th', 'Arts', 4, 'Teacher', '1', '2022-09-27 02:40:38', '2022-09-27', '1', '2022-09-27 02:40:38'),
(378, '683611', 134, '11th', 'Arts', 4, 'Teacher', '1', '2022-09-27 02:40:38', '2022-09-27', '1', '2022-09-27 02:40:38'),
(379, '683611', 135, '11th', 'Arts', 4, 'Teacher', '0', '2022-09-27 02:40:38', '2022-09-27', '1', '2022-09-27 02:40:38'),
(380, '683611', 136, '11th', 'Arts', 4, 'Teacher', '1', '2022-09-27 02:40:38', '2022-09-27', '1', '2022-09-27 02:40:38'),
(381, '683611', 137, '11th', 'Arts', 4, 'Teacher', '1', '2022-09-27 02:40:38', '2022-09-27', '1', '2022-09-27 02:40:38'),
(382, '683611', 138, '11th', 'Arts', 4, 'Teacher', '1', '2022-09-27 02:40:38', '2022-09-27', '1', '2022-09-27 02:40:38'),
(383, '683611', 139, '11th', 'Arts', 4, 'Teacher', '1', '2022-09-27 02:40:38', '2022-09-27', '1', '2022-09-27 02:40:38'),
(384, '683611', 140, '11th', 'Arts', 4, 'Teacher', '0', '2022-09-27 02:40:38', '2022-09-27', '1', '2022-09-27 02:40:38'),
(385, '683611', 141, '11th', 'Arts', 4, 'Teacher', '1', '2022-09-27 02:40:38', '2022-09-27', '1', '2022-09-27 02:40:38'),
(386, '683611', 142, '11th', 'Arts', 4, 'Teacher', '1', '2022-09-27 02:40:38', '2022-09-27', '1', '2022-09-27 02:40:38'),
(387, '683611', 143, '11th', 'Arts', 4, 'Teacher', '0', '2022-09-27 02:40:38', '2022-09-27', '1', '2022-09-27 02:40:38'),
(388, '683611', 144, '11th', 'Arts', 4, 'Teacher', '1', '2022-09-27 02:40:38', '2022-09-27', '1', '2022-09-27 02:40:38'),
(389, '683611', 145, '11th', 'Arts', 4, 'Teacher', '1', '2022-09-27 02:40:38', '2022-09-27', '1', '2022-09-27 02:40:38'),
(390, '683611', 146, '11th', 'Arts', 4, 'Teacher', '1', '2022-09-27 02:40:38', '2022-09-27', '1', '2022-09-27 02:40:38'),
(391, '683611', 147, '11th', 'Arts', 4, 'Teacher', '0', '2022-09-27 02:40:38', '2022-09-27', '1', '2022-09-27 02:40:38'),
(392, '683611', 148, '11th', 'Arts', 4, 'Teacher', '1', '2022-09-27 02:40:38', '2022-09-27', '1', '2022-09-27 02:40:38'),
(393, '683611', 150, '11th', 'Arts', 4, 'Teacher', '1', '2022-09-27 02:40:38', '2022-09-27', '1', '2022-09-27 02:40:38'),
(394, '683611', 151, '11th', 'Arts', 4, 'Teacher', '1', '2022-09-27 02:40:38', '2022-09-27', '1', '2022-09-27 02:40:38'),
(395, '683611', 152, '11th', 'Arts', 4, 'Teacher', '0', '2022-09-27 02:40:38', '2022-09-27', '1', '2022-09-27 02:40:38'),
(396, '683611', 153, '11th', 'Arts', 4, 'Teacher', '0', '2022-09-27 02:40:38', '2022-09-27', '1', '2022-09-27 02:40:38'),
(397, '683611', 154, '11th', 'Arts', 4, 'Teacher', '0', '2022-09-27 02:40:38', '2022-09-27', '1', '2022-09-27 02:40:38'),
(398, '683611', 155, '11th', 'Arts', 4, 'Teacher', '1', '2022-09-27 02:40:38', '2022-09-27', '1', '2022-09-27 02:40:38'),
(399, '683611', 156, '11th', 'Arts', 4, 'Teacher', '1', '2022-09-27 02:40:38', '2022-09-27', '1', '2022-09-27 02:40:38'),
(400, '683611', 157, '11th', 'Arts', 4, 'Teacher', '1', '2022-09-27 02:40:38', '2022-09-27', '1', '2022-09-27 02:40:38'),
(401, '683611', 158, '11th', 'Arts', 4, 'Teacher', '1', '2022-09-27 02:40:38', '2022-09-27', '1', '2022-09-27 02:40:38'),
(402, '683611', 159, '11th', 'Arts', 4, 'Teacher', '0', '2022-09-27 02:40:38', '2022-09-27', '1', '2022-09-27 02:40:38'),
(403, '683611', 160, '11th', 'Arts', 4, 'Teacher', '1', '2022-09-27 02:40:38', '2022-09-27', '1', '2022-09-27 02:40:38'),
(404, '683611', 161, '11th', 'Arts', 4, 'Teacher', '0', '2022-09-27 02:40:38', '2022-09-27', '1', '2022-09-27 02:40:38'),
(405, '683611', 162, '11th', 'Arts', 4, 'Teacher', '1', '2022-09-27 02:40:38', '2022-09-27', '1', '2022-09-27 02:40:38'),
(406, '683611', 163, '11th', 'Arts', 4, 'Teacher', '1', '2022-09-27 02:40:38', '2022-09-27', '1', '2022-09-27 02:40:38'),
(407, '683611', 164, '11th', 'Arts', 4, 'Teacher', '1', '2022-09-27 02:40:38', '2022-09-27', '1', '2022-09-27 02:40:38'),
(408, '683611', 165, '11th', 'Arts', 4, 'Teacher', '0', '2022-09-27 02:40:38', '2022-09-27', '1', '2022-09-27 02:40:38'),
(409, '683611', 166, '11th', 'Arts', 4, 'Teacher', '1', '2022-09-27 02:40:38', '2022-09-27', '1', '2022-09-27 02:40:38'),
(410, '683611', 127, '12th', 'Sci', 4, 'Teacher', '1', '2022-09-26 20:23:16', '2022-09-27', '1', '2022-09-27 08:23:16'),
(411, '683611', 128, '12th', 'Sci', 4, 'Teacher', '0', '2022-09-26 20:23:16', '2022-09-27', '1', '2022-09-27 08:23:16'),
(412, '683611', 129, '12th', 'Sci', 4, 'Teacher', '0', '2022-09-26 20:23:16', '2022-09-27', '1', '2022-09-27 08:23:16'),
(413, '683611', 121, '12th', 'Maths', 4, 'Teacher', '1', '2022-09-27 02:27:04', '2022-09-27', '1', '2022-09-27 14:27:04'),
(414, '683611', 122, '12th', 'Maths', 4, 'Teacher', '0', '2022-09-27 02:27:04', '2022-09-27', '1', '2022-09-27 14:27:04'),
(415, '683611', 123, '12th', 'Maths', 4, 'Teacher', '1', '2022-09-27 02:27:04', '2022-09-27', '1', '2022-09-27 14:27:04'),
(416, '683611', 131, '12th', 'Maths', 4, 'Teacher', '1', '2022-09-27 02:27:04', '2022-09-27', '1', '2022-09-27 14:27:04'),
(417, '683611', 67, '4th', 'A', 4, 'Teacher', '1', '2022-09-28 02:21:02', '2022-09-28', '1', '2022-09-28 02:21:02'),
(418, '683611', 68, '4th', 'A', 4, 'Teacher', '0', '2022-09-28 02:21:03', '2022-09-28', '1', '2022-09-28 02:21:03'),
(419, '683611', 69, '4th', 'A', 4, 'Teacher', '0', '2022-09-28 02:21:03', '2022-09-28', '1', '2022-09-28 02:21:03'),
(420, '683611', 121, '12th', 'Maths', 4, 'Teacher', '', '2022-09-27 19:51:43', '2022-09-28', '1', '2022-09-28 07:51:43'),
(421, '683611', 122, '12th', 'Maths', 4, 'Teacher', '', '2022-09-27 19:51:43', '2022-09-28', '1', '2022-09-28 07:51:43'),
(422, '683611', 123, '12th', 'Maths', 4, 'Teacher', '', '2022-09-27 19:51:43', '2022-09-28', '1', '2022-09-28 07:51:43'),
(423, '683611', 131, '12th', 'Maths', 4, 'Teacher', '', '2022-09-27 19:51:43', '2022-09-28', '1', '2022-09-28 07:51:43');

-- --------------------------------------------------------

--
-- Table structure for table `banner_for_app`
--

CREATE TABLE `banner_for_app` (
  `id` int(11) NOT NULL,
  `schoolUniqueCode` varchar(100) NOT NULL,
  `image` varchar(255) NOT NULL,
  `status` enum('1','2','3','4') NOT NULL DEFAULT '1',
  `created_at` timestamp NOT NULL DEFAULT CURRENT_TIMESTAMP
) ENGINE=InnoDB DEFAULT CHARSET=latin1;

--
-- Dumping data for table `banner_for_app`
--

INSERT INTO `banner_for_app` (`id`, `schoolUniqueCode`, `image`, `status`, `created_at`) VALUES
(1, '683611', 'img-Banner-back-school-banner-with-space-cartoon-icon-cute-designs-kids_626143-993.jpg', '1', '2022-09-18 05:10:44'),
(2, '683611', 'img-Banner-download (1).jpg', '1', '2022-09-18 05:10:50'),
(3, '683611', 'img-Banner-stock-photo-back-to-school-banner-vector-green-classroom-chalkboard-doodle-icons-sale-flyer-welcome-retail-marketing-promotion-realistic-illustration-3585431.jpg', '1', '2022-09-18 05:10:55');

-- --------------------------------------------------------

--
-- Table structure for table `city`
--

CREATE TABLE `city` (
  `id` int(11) NOT NULL,
  `schoolUniqueCode` varchar(100) NOT NULL,
  `cityName` varchar(255) NOT NULL,
  `stateId` int(11) DEFAULT NULL,
  `status` enum('1','2','3','4') NOT NULL DEFAULT '1',
  `created_at` timestamp NOT NULL DEFAULT CURRENT_TIMESTAMP
) ENGINE=InnoDB DEFAULT CHARSET=utf8mb4;

--
-- Dumping data for table `city`
--

INSERT INTO `city` (`id`, `schoolUniqueCode`, `cityName`, `stateId`, `status`, `created_at`) VALUES
(1, '683611', 'Baraut', 1, '1', '2022-08-11 05:58:23'),
(2, '683611', 'Baghpat', 1, '1', '2022-08-11 05:58:23'),
(3, '683611', 'Khekra', 1, '1', '2022-08-11 05:58:23'),
(4, '683611', 'Delhi', 2, '1', '2022-08-11 05:58:23'),
(5, '683611', 'Noida', 1, '1', '2022-08-11 05:58:23'),
(6, '683611', 'Sonipat', 5, '1', '2022-08-11 05:58:23'),
(7, '683611', 'Panipat', 5, '1', '2022-08-11 05:58:23'),
(8, '683611', 'Mumbai', 20, '1', '2022-08-21 04:42:55'),
(9, '683611', 'Agra', 1, '1', '2022-08-21 04:45:22'),
(13, '683611', 'Greater Noida', 1, '1', '2022-08-21 05:01:38'),
(14, '683611', 'Noida', 1, '1', '2022-08-21 05:04:43'),
(16, '683611', 'bhopal', 19, '1', '2022-08-28 14:33:55'),
(17, '683611', 'Ahmedabad', 8, '1', '2022-08-30 03:25:19'),
(19, '724212', 'Baraut', 34, '1', '2022-09-03 13:52:49'),
(20, '683611', 'Bijrol', 1, '1', '2022-09-15 15:37:11'),
(21, '683611', 'Jaunpur', 33, '1', '2022-09-27 08:16:17');

-- --------------------------------------------------------

--
-- Table structure for table `class`
--

CREATE TABLE `class` (
  `id` int(11) NOT NULL,
  `schoolUniqueCode` varchar(100) NOT NULL,
  `className` varchar(255) NOT NULL,
  `status` enum('1','2','3','4') NOT NULL DEFAULT '1',
  `created_at` timestamp NOT NULL DEFAULT CURRENT_TIMESTAMP
) ENGINE=InnoDB DEFAULT CHARSET=utf8mb4;

--
-- Dumping data for table `class`
--

INSERT INTO `class` (`id`, `schoolUniqueCode`, `className`, `status`, `created_at`) VALUES
(1, '683611', 'Nursery', '1', '2022-08-11 05:48:54'),
(2, '683611', 'LKG', '1', '2022-08-11 05:48:54'),
(3, '683611', 'UKG', '1', '2022-08-11 05:48:54'),
(4, '683611', '1st', '1', '2022-08-11 05:48:54'),
(5, '683611', '2nd', '1', '2022-08-11 05:48:54'),
(6, '683611', '3rd', '1', '2022-08-11 06:00:02'),
(7, '683611', '4th', '1', '2022-08-11 06:00:02'),
(8, '683611', '5th', '1', '2022-08-11 06:00:02'),
(9, '683611', '6th', '1', '2022-08-11 06:00:02'),
(10, '683611', '7th', '1', '2022-08-11 06:00:02'),
(11, '683611', '8th', '1', '2022-08-11 06:00:02'),
(12, '683611', '9th', '1', '2022-08-11 06:00:02'),
(13, '683611', '10th', '1', '2022-08-11 06:00:02'),
(14, '683611', '11th', '1', '2022-08-11 06:00:02'),
(15, '683611', '12th', '1', '2022-08-11 06:00:02'),
(17, '724212', '12th', '1', '2022-09-03 13:53:12'),
(18, '724212', '10th', '1', '2022-09-03 13:53:34'),
(19, '965316', '1', '1', '2022-09-11 13:11:51'),
(20, '965316', '2', '1', '2022-09-11 13:12:00'),
(21, '965316', 'a', '1', '2022-09-11 13:12:08');

-- --------------------------------------------------------

--
-- Table structure for table `classshedule`
--

CREATE TABLE `classshedule` (
  `id` int(11) NOT NULL,
  `schoolUniqueCode` varchar(100) NOT NULL,
  `class_id` varchar(100) NOT NULL,
  `section_id` varchar(100) NOT NULL,
  `shedule_json` json NOT NULL,
  `status` enum('1','2','3','4') NOT NULL DEFAULT '1',
  `created_at` timestamp NOT NULL DEFAULT CURRENT_TIMESTAMP
) ENGINE=InnoDB DEFAULT CHARSET=utf8mb4;

--
-- Dumping data for table `classshedule`
--

INSERT INTO `classshedule` (`id`, `schoolUniqueCode`, `class_id`, `section_id`, `shedule_json`, `status`, `created_at`) VALUES
(1, '', '14', '13', '[{\"time\": \"1\", \"subject\": \"1\", \"teacher\": \"2\"}, {\"time\": \"3\", \"subject\": \"2\", \"teacher\": \"1\"}, {\"time\": \"4\", \"subject\": \"6\", \"teacher\": \"3\"}, {\"time\": \"5\", \"subject\": \"5\", \"teacher\": \"1\"}, {\"time\": \"6\", \"subject\": \"4\", \"teacher\": \"2\"}, {\"time\": \"7\", \"subject\": \"3\", \"teacher\": \"2\"}, {\"time\": \"8\", \"subject\": \"7\", \"teacher\": \"2\"}, {\"time\": \"9\", \"subject\": \"9\", \"teacher\": \"3\"}]', '1', '2022-08-23 09:10:58'),
(2, '', '1', '1', '[{\"time\": \"1\", \"subject\": \"5\", \"teacher\": \"2\"}, {\"time\": \"3\", \"subject\": \"10\", \"teacher\": \"1\"}, {\"time\": \"4\", \"subject\": \"4\", \"teacher\": \"3\"}, {\"time\": \"5\", \"subject\": \"7\", \"teacher\": \"2\"}, {\"time\": \"6\", \"subject\": \"4\", \"teacher\": \"1\"}, {\"time\": \"7\", \"subject\": \"8\", \"teacher\": \"3\"}, {\"time\": \"8\", \"subject\": \"5\", \"teacher\": \"3\"}, {\"time\": \"9\", \"subject\": \"7\", \"teacher\": \"1\"}]', '1', '2022-08-24 02:19:52'),
(4, '683611', '12', '1', '[{\"time\": \"10\", \"subject\": \"10\", \"teacher\": \"5\"}, {\"time\": \"11\", \"subject\": \"9\", \"teacher\": \"5\"}]', '4', '2022-08-28 05:53:02'),
(5, '951166', '', '', 'null', '1', '2022-08-28 14:03:05'),
(6, '951166', '', '', 'null', '1', '2022-08-28 14:03:25'),
(7, '965316', '1', '1', '[{\"time\": \"12\", \"subject\": \"8\", \"teacher\": \"7\"}, {\"time\": \"13\", \"subject\": \"9\", \"teacher\": \"7\"}, {\"time\": \"14\", \"subject\": \"7\", \"teacher\": \"7\"}]', '1', '2022-08-30 14:49:18'),
(8, '683611', '16', '17', '[{\"time\": \"10\", \"subject\": \"11\", \"teacher\": \"4\"}, {\"time\": \"11\", \"subject\": \"11\", \"teacher\": \"3\"}, {\"time\": \"15\", \"subject\": \"11\", \"teacher\": \"6\"}]', '1', '2022-09-03 12:26:37'),
(9, '724212', '17', '18', '[{\"time\": \"17\", \"subject\": \"14\", \"teacher\": \"8\"}, {\"time\": \"18\", \"subject\": \"13\", \"teacher\": \"8\"}]', '1', '2022-09-03 14:11:43'),
(10, '683611', '1', '1', '[{\"time\": \"10\", \"subject\": \"2\", \"teacher\": \"4\"}, {\"time\": \"11\", \"subject\": \"5\", \"teacher\": \"6\"}, {\"time\": \"15\", \"subject\": \"4\", \"teacher\": \"6\"}]', '1', '2022-09-15 15:41:20');

-- --------------------------------------------------------

--
-- Table structure for table `complaint`
--

CREATE TABLE `complaint` (
  `id` int(11) NOT NULL,
  `schoolUniqueCode` varchar(100) NOT NULL,
  `login_user_id` int(11) NOT NULL,
  `login_user_type` int(11) NOT NULL,
  `guilty_person_name` varchar(100) NOT NULL,
  `guilty_person_position` varchar(100) NOT NULL,
  `subject` varchar(255) NOT NULL,
  `issue` text NOT NULL,
  `action` text,
  `complaint_id` varchar(100) NOT NULL,
  `action_taken_id` int(11) DEFAULT NULL,
  `action_taken_user_type` int(11) DEFAULT NULL,
  `action_taken_date` date DEFAULT NULL,
  `status` enum('1','2','3','4') NOT NULL DEFAULT '1',
  `created_at` timestamp NOT NULL DEFAULT CURRENT_TIMESTAMP
) ENGINE=InnoDB DEFAULT CHARSET=latin1;

-- --------------------------------------------------------

--
-- Table structure for table `departure`
--

CREATE TABLE `departure` (
  `id` int(11) NOT NULL,
  `schoolUniqueCode` varchar(100) DEFAULT NULL,
  `attendence_id` varchar(100) DEFAULT NULL,
  `stu_id` int(11) NOT NULL,
  `stu_class` varchar(100) DEFAULT NULL,
  `stu_section` varchar(100) DEFAULT NULL,
  `login_user_id` int(11) NOT NULL,
  `login_user_type` varchar(100) NOT NULL,
  `departureStatus` enum('0','1','2','3') NOT NULL DEFAULT '0',
  `dateTime` timestamp NULL DEFAULT CURRENT_TIMESTAMP,
  `dept_date` date DEFAULT NULL,
  `status` enum('1','2','3','4') NOT NULL DEFAULT '1',
  `created_at` timestamp NOT NULL DEFAULT CURRENT_TIMESTAMP
) ENGINE=InnoDB DEFAULT CHARSET=utf8mb4;

--
-- Dumping data for table `departure`
--

INSERT INTO `departure` (`id`, `schoolUniqueCode`, `attendence_id`, `stu_id`, `stu_class`, `stu_section`, `login_user_id`, `login_user_type`, `departureStatus`, `dateTime`, `dept_date`, `status`, `created_at`) VALUES
(1, '', '1', 5, '11th', 'Arts', 3, 'Teacher', '1', '2022-08-21 03:12:22', '2022-08-21', '1', '2022-08-21 03:12:22'),
(2, '', '2', 8, '11th', 'Arts', 3, 'Teacher', '1', '2022-08-21 03:12:22', '2022-08-21', '1', '2022-08-21 03:12:22'),
(3, NULL, '4', 5, '11th', 'Arts', 2, 'Teacher', '1', '2022-08-29 00:37:30', '2022-08-29', '1', '2022-08-29 12:37:30'),
(4, NULL, '5', 8, '11th', 'Arts', 2, 'Teacher', '1', '2022-08-29 00:37:30', '2022-08-29', '1', '2022-08-29 12:37:30'),
(5, NULL, '8', 8, '11th', 'Arts', 2, 'Teacher', '1', '2022-08-29 19:36:36', '2022-08-30', '1', '2022-08-30 07:36:36'),
(6, '683611', '10', 5, '11th', 'Arts', 2, 'Teacher', '1', '2022-08-31 01:30:54', '2022-08-31', '1', '2022-08-31 13:30:54'),
(7, '683611', '12', 16, '11th', 'Arts', 2, 'Teacher', '1', '2022-08-31 01:30:54', '2022-08-31', '1', '2022-08-31 13:30:54'),
(8, '683611', '14', 5, '11th', 'Arts', 2, 'Teacher', '1', '2022-09-02 21:54:02', '2022-09-03', '1', '2022-09-03 09:54:02'),
(9, '683611', '15', 8, '11th', 'Arts', 2, 'Teacher', '1', '2022-09-02 21:54:02', '2022-09-03', '1', '2022-09-03 09:54:02'),
(10, '683611', '16', 16, '11th', 'Arts', 2, 'Teacher', '1', '2022-09-02 21:54:02', '2022-09-03', '1', '2022-09-03 09:54:02'),
(11, '683611', '24', 5, '11th', 'Arts', 2, 'Teacher', '1', '2022-09-04 04:39:28', '2022-09-04', '1', '2022-09-04 04:39:28'),
(12, '683611', '25', 8, '11th', 'Arts', 2, 'Teacher', '1', '2022-09-04 04:39:28', '2022-09-04', '1', '2022-09-04 04:39:28'),
(13, '683611', '27', 4, 'Nursery', 'A', 2, 'Teacher', '1', '2022-09-04 04:48:05', '2022-09-04', '1', '2022-09-04 16:48:05'),
(14, '683611', '39', 5, '11th', 'Arts', 2, 'Teacher', '1', '2022-09-07 01:18:54', '2022-09-07', '1', '2022-09-07 13:18:54'),
(15, '683611', '41', 16, '11th', 'Arts', 2, 'Teacher', '1', '2022-09-07 01:18:54', '2022-09-07', '1', '2022-09-07 13:18:54'),
(16, '683611', '43', 8, '11th', 'Arts', 2, 'Teacher', '1', '2022-09-08 03:07:35', '2022-09-08', '1', '2022-09-08 15:07:35'),
(17, '683611', '48', 5, '11th', 'Arts', 9, 'Teacher', '1', '2022-09-09 21:32:04', '2022-09-10', '1', '2022-09-10 09:32:04'),
(18, '683611', '49', 8, '11th', 'Arts', 9, 'Teacher', '1', '2022-09-09 21:32:04', '2022-09-10', '1', '2022-09-10 09:32:04'),
(19, '683611', '54', 4, 'Nursery', 'A', 2, 'Teacher', '1', '2022-09-11 00:28:52', '2022-09-11', '1', '2022-09-11 12:28:52'),
(20, '683611', '59', 5, '11th', 'Arts', 9, 'Teacher', '1', '2022-09-15 04:03:23', '2022-09-15', '1', '2022-09-15 16:03:23'),
(21, '683611', '60', 8, '11th', 'Arts', 9, 'Teacher', '1', '2022-09-15 04:03:23', '2022-09-15', '1', '2022-09-15 16:03:23'),
(22, '683611', '62', 118, '11th', 'Arts', 9, 'Teacher', '1', '2022-09-15 04:03:23', '2022-09-15', '1', '2022-09-15 16:03:23'),
(23, '683611', '63', 119, '11th', 'Arts', 9, 'Teacher', '1', '2022-09-15 04:03:23', '2022-09-15', '1', '2022-09-15 16:03:23'),
(24, '683611', '198', 37, 'LKG', 'A', 2, 'Teacher', '1', '2022-09-19 21:02:42', '2022-09-20', '1', '2022-09-20 09:02:42'),
(25, '683611', '200', 39, 'LKG', 'A', 2, 'Teacher', '1', '2022-09-19 21:02:42', '2022-09-20', '1', '2022-09-20 09:02:42'),
(26, '683611', '207', 52, '1st', 'B', 2, 'Teacher', '1', '2022-09-20 00:55:56', '2022-09-20', '1', '2022-09-20 12:55:56'),
(27, '683611', '208', 53, '1st', 'B', 2, 'Teacher', '1', '2022-09-20 00:55:56', '2022-09-20', '1', '2022-09-20 12:55:56'),
(28, '683611', '209', 54, '1st', 'B', 2, 'Teacher', '1', '2022-09-20 00:55:56', '2022-09-20', '1', '2022-09-20 12:55:56'),
(29, '683611', '210', 27, 'Nursery', 'A', 2, 'Teacher', '1', '2022-09-21 02:07:40', '2022-09-21', '1', '2022-09-21 02:07:40'),
(30, '683611', '212', 32, 'Nursery', 'A', 2, 'Teacher', '1', '2022-09-21 02:07:40', '2022-09-21', '1', '2022-09-21 02:07:40'),
(31, '683611', '217', 37, 'LKG', 'A', 2, 'Teacher', '1', '2022-09-20 20:02:30', '2022-09-21', '1', '2022-09-21 08:02:30'),
(32, '683611', '218', 38, 'LKG', 'A', 2, 'Teacher', '1', '2022-09-20 20:02:30', '2022-09-21', '1', '2022-09-21 08:02:30'),
(33, '683611', '220', 43, 'UKG', 'A', 2, 'Teacher', '1', '2022-09-20 22:26:31', '2022-09-21', '1', '2022-09-21 10:26:31'),
(34, '683611', '221', 44, 'UKG', 'A', 2, 'Teacher', '1', '2022-09-20 22:26:32', '2022-09-21', '1', '2022-09-21 10:26:32'),
(35, '683611', '223', 52, '1st', 'B', 2, 'Teacher', '1', '2022-09-21 01:49:02', '2022-09-21', '1', '2022-09-21 13:49:02'),
(36, '683611', '225', 54, '1st', 'B', 2, 'Teacher', '1', '2022-09-21 01:49:02', '2022-09-21', '1', '2022-09-21 13:49:02'),
(37, '683611', '265', 37, 'LKG', 'A', 11, 'Teacher', '1', '2022-09-21 21:26:06', '2022-09-22', '1', '2022-09-22 09:26:06'),
(38, '683611', '266', 38, 'LKG', 'A', 11, 'Teacher', '1', '2022-09-21 21:26:06', '2022-09-22', '1', '2022-09-22 09:26:06'),
(39, '683611', '295', 37, 'LKG', 'A', 5, 'Teacher', '1', '2022-09-23 02:09:46', '2022-09-23', '1', '2022-09-23 02:09:46'),
(40, '683611', '296', 38, 'LKG', 'A', 5, 'Teacher', '1', '2022-09-23 02:09:46', '2022-09-23', '1', '2022-09-23 02:09:46'),
(41, '683611', '353', 124, '12th', 'Com', 2, 'Teacher', '1', '2022-09-24 02:05:23', '2022-09-24', '1', '2022-09-24 02:05:23'),
(42, '683611', '355', 126, '12th', 'Com', 2, 'Teacher', '1', '2022-09-24 02:05:23', '2022-09-24', '1', '2022-09-24 02:05:23'),
(43, '683611', '370', 27, 'Nursery', 'A', 2, 'Teacher', '1', '2022-09-26 00:07:43', '2022-09-26', '1', '2022-09-26 12:07:43'),
(44, '683611', '372', 32, 'Nursery', 'A', 2, 'Teacher', '1', '2022-09-26 00:07:43', '2022-09-26', '1', '2022-09-26 12:07:43'),
(45, '683611', '373', 33, 'Nursery', 'A', 2, 'Teacher', '1', '2022-09-26 00:07:43', '2022-09-26', '1', '2022-09-26 12:07:43'),
(46, '683611', '417', 67, '4th', 'A', 4, 'Teacher', '1', '2022-09-28 02:21:43', '2022-09-28', '1', '2022-09-28 02:21:43');

-- --------------------------------------------------------

--
-- Table structure for table `driver`
--

CREATE TABLE `driver` (
  `id` int(11) NOT NULL,
  `schoolUniqueCode` varchar(100) NOT NULL,
  `name` varchar(100) NOT NULL,
  `mobile` varchar(100) NOT NULL,
  `email` varchar(100) DEFAULT NULL,
  `address` varchar(255) NOT NULL,
  `state_id` int(11) NOT NULL,
  `city_id` int(11) NOT NULL,
  `pincode` int(11) NOT NULL,
  `u_qr_id` varchar(100) DEFAULT NULL,
  `user_id` varchar(100) NOT NULL,
  `password` varchar(100) NOT NULL,
  `vechicle_type` int(11) NOT NULL,
  `vechicle_no` varchar(100) DEFAULT NULL,
  `total_seats` int(11) DEFAULT NULL,
  `auth_token` text,
  `fcm_token` text,
  `lat` varchar(100) DEFAULT NULL,
  `lng` varchar(100) DEFAULT NULL,
  `image` varchar(255) DEFAULT NULL,
  `status` enum('1','2','3',':4') NOT NULL DEFAULT '1',
  `created_at` timestamp NOT NULL DEFAULT CURRENT_TIMESTAMP
) ENGINE=InnoDB DEFAULT CHARSET=latin1;

--
-- Dumping data for table `driver`
--

INSERT INTO `driver` (`id`, `schoolUniqueCode`, `name`, `mobile`, `email`, `address`, `state_id`, `city_id`, `pincode`, `u_qr_id`, `user_id`, `password`, `vechicle_type`, `vechicle_no`, `total_seats`, `auth_token`, `fcm_token`, `lat`, `lng`, `image`, `status`, `created_at`) VALUES
(1, '683611', 'Arvind Bhai', '9638527415', 'arvind@gmail.com', 'pani puri wali gali', 1, 1, 654251, '1', 'dri00001', 'K8F2Rg', 1, 'UP172528', 40, 'BVA72hr2O0cjC7ZU18bunmXNvWKfQzglis53SaGE', '', '0', '0', 'img-dri00001-1663942103download (1).jpg', '1', '2022-09-23 14:08:23'),
(2, '683611', 'Gaurav Sharma', '6397520223', 'gs2739@gmail.com', '12-190 gali maliyan patti chaudran', 1, 1, 250611, '2', 'dri00002', 'iwg3et', 1, 'H07855', 60, 'C8GeYgQRmEy1fpt9rblahIq63041O6kD3UzJ2LTK', 'cshrEuu7SJWv_fTbUiA8Ye:APA91bHtRbnnixE6ZUJM3pwUHcOJnZxbDGQg4asLdNGTQGfCOxwm2oHOX4oqq2xEZKoDjK8jrrH8DdfjENLE03sZjT2ZTKskTES2nbFwLbDY0KfmyKeWih_O3RCrPYxz9VxJXXbhtI7S', '29.1040481', '77.2576097', '', '1', '2022-09-25 10:45:32'),
(3, '683611', 'Gaurav Jain Shab', '9045308073', 'gg@gmail.com', 'bada jain mandir', 1, 1, 147254, '3', 'dri00003', 'ZloOxj', 3, 'UP17 ANCD1144', 6, 'eE6bqIT2J0u394pkL2mirw6cR5n7tjOlF18GdQyY', 'dzNMm4IzRMa-2PMQEvESUu:APA91bHPHZ6nyNvCBbQwh4LeP8nwp46sL-uB8YSnkOYFAtn-_PeK6Z0fBg8vs6ZpRqHejA-OGZqRHnKRc1vkPGgHgH_49fFq1wckYxjZ2MBBwZ86AQaAp6KAvgc55rOhO_p2eAJngMtB', '28.6922083', '77.2748964', '', '1', '2022-09-25 12:05:30'),
(4, '683611', 'Saurav Bhai Motercycle ', '9638525252', 'sau@email.com', 'Btt', 1, 1, 789065, '4', 'dri00004', '77oef4', 1, 'Njiuhb', 5, '', '', '', '', '', '1', '2022-09-25 14:27:05'),
(5, '683611', 'Shelly Driver', '8085868463', 'shi@per.com', 'adf', 1, 1, 147258, '5', 'dri00005', 'LVW8s2', 2, 'Bbh', 40, 'PRFehnJjS2H9VsB24YTEqzI01dKiGcW3aQgkCf2D', 'dW5S75k4Rd-3CTW5jqj3GL:APA91bEOj4EMSIbxH_9BhkkBa4U_NUzfMsU10jLA0qJS92EWhXaFvBGzBab_RA5fnEpZo3o9Vg0ypqfCizj0HbCefKZfj-dX_eL6jX4bdIVwAs3iUaI0mujl9LUdUosuynTCP7BrbTOP', '29.1040493', '77.2576111', '', '1', '2022-09-26 01:37:56'),
(6, '683611', 'Gaurav Sharma', '2147483647', 'gs27349p@gmail.com', '12-190 gali maliyan patti chaudran', 1, 1, 250611, '6', 'dri00006', 'z03ClK', 1, '10', 1, NULL, NULL, NULL, NULL, '', ':4', '2022-09-26 01:46:29'),
(7, '683611', 'Mera Gift', '2147483647', 'gaurav@genuinemark.org', 'adfasdf', 1, 1, 141414, '', 'dri00004', 'dIsvGg', 1, '01', 6, NULL, NULL, NULL, NULL, '', ':4', '2022-09-26 01:53:08'),
(8, '683611', 'Gaurav Sharma', '2147483647', 'gs27349@gmail.com', '12-190 gali maliyan patti chaudran', 1, 1, 250611, '7', 'dri00005', 'H4I0bl', 1, 'Bbh', 40, NULL, NULL, NULL, NULL, '', ':4', '2022-09-26 01:53:50'),
(9, '683611', 'Abc', '6352455051', 'abc@gmail.com', 'Abcdef', 1, 2, 627272, '8', 'dri00006', 'lIUYe9', 1, 'Njiuhb', 60, '0BRJpyQ28SA09HgPMt4hrD45WEU3wNTlfzIX2biu', 'cshrEuu7SJWv_fTbUiA8Ye:APA91bFi3jKzxkc1ilRnYnfe7NLVQGwvShyOglNiVZsF5UHxXCMdNy4rxs3cMgyq-VRmpVrkoqfnNl0YT_QNpiKGapMkpjf1tWgVEtCpL6Vkjcg43X_WxLeMITtJdasXfhb3aPI9kepo', '29.104056', '77.2576058', '', '1', '2022-09-26 01:55:18'),
(10, '683611', 'Sat', '9638527415', 'sat@email.com', 'samundar par', 1, 1, 963852, '9', 'dri00007', 'q5osON', 1, 'llo', 2, 'F7QY9yAoDs6K368M0Nt2fwbZC96qVInvm6EcHTGU', '', NULL, NULL, '', '1', '2022-09-27 15:39:05');

-- --------------------------------------------------------

--
-- Table structure for table `exam`
--

CREATE TABLE `exam` (
  `id` int(11) NOT NULL,
  `schoolUniqueCode` varchar(100) DEFAULT NULL,
  `class_id` int(11) NOT NULL,
  `section_id` int(11) NOT NULL,
  `subject_id` int(11) NOT NULL,
  `exam_name` varchar(255) NOT NULL,
  `date_of_exam` date NOT NULL,
  `max_marks` float NOT NULL,
  `min_marks` float NOT NULL,
  `login_user_id` int(11) NOT NULL,
  `login_user_type` varchar(100) NOT NULL,
  `status` enum('1','2','3','4') NOT NULL DEFAULT '1' COMMENT '1 => active 2 => deactive, 3 => resultPublished',
  `created_at` timestamp NOT NULL DEFAULT CURRENT_TIMESTAMP
) ENGINE=InnoDB DEFAULT CHARSET=utf8mb4;

--
-- Dumping data for table `exam`
--

INSERT INTO `exam` (`id`, `schoolUniqueCode`, `class_id`, `section_id`, `subject_id`, `exam_name`, `date_of_exam`, `max_marks`, `min_marks`, `login_user_id`, `login_user_type`, `status`, `created_at`) VALUES
(1, '683611', 8, 2, 9, 'Weekly Test for Accounts Date: 2022-08-30', '2022-08-30', 100, 33, 3, 'Teacher', '1', '2022-08-26 02:44:15'),
(2, NULL, 8, 2, 9, 'Montly Test for Biology Date: 2022-08-31', '2022-08-31', 100, 40, 3, 'Teacher', '1', '2022-08-26 06:48:34'),
(3, NULL, 9, 2, 9, 'Montly Test for Biology Date: 2022-08-31 Exam Id: 6254', '2022-08-31', 100, 40, 3, 'Teacher', '1', '2022-08-26 08:44:35'),
(4, NULL, 13, 2, 2, 'Today English Exam Date: 13 Exam Id: 8709', '0000-00-00', 100, 50, 2, 'Teacher', '1', '2022-08-29 12:38:42'),
(5, NULL, 14, 13, 1, 'Hindi Exam Weekly Date: 14 Exam Id: 9343', '0000-00-00', 100, 50, 2, 'Teacher', '1', '2022-08-30 15:14:56'),
(6, '683611', 14, 13, 1, 'Hindi Chapter 5 Date: 14 Exam Id: 209 Date: 2022-09-23 Exam Id: 3329', '2022-09-23', 100, 33, 2, 'Teacher', '1', '2022-08-31 13:29:11'),
(7, '683611', 1, 2, 3, 'a Date: 1 Exam Id: 6968 Date: 2022-09-30 Exam Id: 3871', '2022-09-30', 12, 12, 4, 'Teacher', '1', '2022-09-01 06:39:19'),
(8, '683611', 13, 1, 1, 'Monday Test For Hindi Date: 13 Exam Id: 1148', '0000-00-00', 100, 33, 2, 'Teacher', '1', '2022-09-03 09:55:24'),
(9, '683611', 14, 13, 2, 'English test Date: 14 Exam Id: 2698', '0000-00-00', 100, 33, 2, 'Teacher', '1', '2022-09-03 09:56:22'),
(10, '683611', 1, 1, 1, 'new exam Date: 1 Exam Id: 5459', '0000-00-00', 15, 5, 2, 'Teacher', '1', '2022-09-03 13:24:55'),
(11, '683611', 14, 2, 3, 'Weekly Exam English Subject Date: 14 Exam Id: 4871 Date: 14 Exam Id: 2917', '0000-00-00', 100, 35, 2, 'Teacher', '1', '2022-09-04 04:39:12'),
(12, '683611', 14, 13, 3, 'Per Day Math Exam Date: 14 Exam Id: 7438', '0000-00-00', 100, 50, 2, 'Teacher', '1', '2022-09-04 04:43:52'),
(13, '683611', 4, 1, 1, 'new exam Date: 4 Exam Id: 3007', '0000-00-00', 40, 15, 2, 'Teacher', '1', '2022-09-04 11:02:58'),
(14, '683611', 14, 13, 10, 'Accounts ing Date: 14 Exam Id: 6987', '0000-00-00', 100, 30, 2, 'Teacher', '1', '2022-09-07 13:37:56'),
(15, '683611', 14, 13, 10, 'account exam Date: 14 Exam Id: 2916 Date: 2022-09-25 Exam Id: 8074', '2022-09-25', 50, 25, 2, 'Teacher', '1', '2022-09-11 08:37:50'),
(16, '683611', 1, 1, 1, 'Abcd Test Date: 1 Exam Id: 134 Date: 2022-09-22 Exam Id: 3524', '2022-09-22', 50, 25, 2, 'Teacher', '1', '2022-09-20 00:36:55'),
(17, '683611', 2, 1, 1, 'Good aexan Date: 2 Exam Id: 4968', '0000-00-00', 30, 20, 2, 'Teacher', '1', '2022-09-20 01:11:21'),
(18, '683611', 4, 1, 2, 'Chapter 10 Test Date: 4 Exam Id: 6896', '0000-00-00', 100, 33, 2, 'Teacher', '3', '2022-09-20 01:39:36'),
(19, '683611', 13, 1, 2, 'new exam h Date: 13 Exam Id: 3291', '0000-00-00', 100, 50, 2, 'Teacher', '3', '2022-09-20 01:57:19'),
(20, '683611', 5, 1, 1, 'new exam aa gaya Date: 5 Exam Id: 1212', '0000-00-00', 100, 40, 2, 'Teacher', '1', '2022-09-20 02:01:35'),
(21, '683611', 4, 1, 1, 'Great Work-5482', '0000-00-00', 100, 33, 2, 'Teacher', '1', '2022-09-21 02:01:24'),
(22, '683611', 5, 1, 2, 'ff-7051', '0000-00-00', 10, 2, 2, 'Teacher', '1', '2022-09-21 02:03:26'),
(23, '683611', 2, 1, 1, 'papper-2553', '0000-00-00', 30, 10, 2, 'Teacher', '3', '2022-09-21 08:03:18'),
(25, '683611', 12, 1, 2, 'English teat-1626', '0000-00-00', 30, 10, 2, 'Teacher', '3', '2022-09-21 16:50:39'),
(26, '683611', 14, 13, 6, 'Sanskrit Test-328', '0000-00-00', 100, 33, 9, 'Teacher', '1', '2022-09-22 04:29:37'),
(27, '683611', 14, 13, 11, 'Business Test-7050 Date: 2022-09-29 Exam Id: 3990', '2022-09-29', 100, 50, 9, 'Teacher', '1', '2022-09-22 05:33:02'),
(28, '683611', 1, 2, 1, ',     -6792 Date: 2022-09-28 Exam Id: 8477', '2022-09-28', 60, 35, 4, 'Teacher', '1', '2022-09-22 09:29:59'),
(29, '683611', 2, 1, 1, 'new exam-8693', '2022-09-23', 100, 33, 5, 'Teacher', '3', '2022-09-23 02:51:04'),
(30, '683611', 2, 1, 2, 'exam h-5690', '2022-09-23', 100, 33, 5, 'Teacher', '3', '2022-09-23 02:53:00'),
(31, '683611', 4, 1, 1, 'Hindi test-9300', '2022-09-29', 100, 33, 4, 'Teacher', '3', '2022-09-28 02:22:27');

-- --------------------------------------------------------

--
-- Table structure for table `fees`
--

CREATE TABLE `fees` (
  `id` int(11) NOT NULL,
  `schoolUniqueCode` varchar(100) NOT NULL,
  `class_id` int(11) NOT NULL,
  `fees_amt` float NOT NULL,
  `status` enum('1','2') NOT NULL,
  `created_at` timestamp NOT NULL DEFAULT CURRENT_TIMESTAMP
) ENGINE=InnoDB DEFAULT CHARSET=utf8mb4;

--
-- Dumping data for table `fees`
--

INSERT INTO `fees` (`id`, `schoolUniqueCode`, `class_id`, `fees_amt`, `status`, `created_at`) VALUES
(1, '', 15, 1200, '1', '2022-08-27 07:54:11'),
(2, '', 14, 1100, '1', '2022-08-27 08:23:00'),
(4, '', 1, 100, '1', '2022-08-27 08:25:18'),
(5, '683611', 14, 1100, '1', '2022-09-10 03:36:34'),
(6, '683611', 1, 100, '1', '2022-09-10 06:35:49'),
(7, '683611', 13, 1000, '1', '2022-09-28 02:43:56');

-- --------------------------------------------------------

--
-- Table structure for table `feesforstudent`
--

CREATE TABLE `feesforstudent` (
  `id` int(11) NOT NULL,
  `schoolUniqueCode` varchar(100) NOT NULL,
  `invoice_id` varchar(100) NOT NULL,
  `login_user_id` int(11) NOT NULL,
  `login_user_type` varchar(100) NOT NULL,
  `student_id` int(11) NOT NULL,
  `class_id` int(11) NOT NULL,
  `section_id` int(11) NOT NULL,
  `offer_amt` float DEFAULT NULL,
  `deposit_amt` float NOT NULL,
  `fee_deposit_date` date DEFAULT NULL,
  `payment_mode` enum('1','2') NOT NULL COMMENT '1 => online, 2 => offline',
  `depositer_name` varchar(100) NOT NULL,
  `depositer_mobile` varchar(100) DEFAULT NULL,
  `depositer_address` varchar(100) NOT NULL,
  `total_due_balance` float DEFAULT NULL,
  `status` enum('1','2') NOT NULL DEFAULT '1',
  `created_at` timestamp NOT NULL DEFAULT CURRENT_TIMESTAMP
) ENGINE=InnoDB DEFAULT CHARSET=utf8mb4;

--
-- Dumping data for table `feesforstudent`
--

INSERT INTO `feesforstudent` (`id`, `schoolUniqueCode`, `invoice_id`, `login_user_id`, `login_user_type`, `student_id`, `class_id`, `section_id`, `offer_amt`, `deposit_amt`, `fee_deposit_date`, `payment_mode`, `depositer_name`, `depositer_mobile`, `depositer_address`, `total_due_balance`, `status`, `created_at`) VALUES
(1, '683611', 'INVOICE-001', 14, 'Principal', 8, 14, 13, 0, 1450, '2022-09-10', '2', 'Jhonny Bhai', '5649874521', 'Delhi', 0, '1', '2022-09-10 03:40:14'),
(2, '683611', 'INVOICE-002', 14, 'Principal', 27, 1, 1, 0, 140, '2022-09-10', '2', 'Sonu Dudh Wala', '7418526532', 'Mumbai', 0, '1', '2022-09-10 06:36:21'),
(3, '683611', 'INVOICE-003', 14, 'Principal', 16, 14, 13, 100, 2000, '2022-09-14', '2', 'Jain Shab', '9879878545', 'Delhi', 0, '1', '2022-09-14 02:20:30'),
(4, '683611', 'INVOICE-004', 7, 'Staff', 113, 14, 11, 700, 2600, '2022-09-17', '2', 'Sunil', '9876543243', 'Brt', 0, '1', '2022-09-17 15:33:23');

-- --------------------------------------------------------

--
-- Table structure for table `get_digi_coin`
--

CREATE TABLE `get_digi_coin` (
  `id` int(11) NOT NULL,
  `schoolUniqueCode` varchar(100) NOT NULL,
  `user_type` varchar(100) NOT NULL,
  `user_id` int(11) NOT NULL,
  `for_what` int(11) NOT NULL,
  `for_what_id` int(11) DEFAULT NULL,
  `digiCoin` int(11) NOT NULL,
  `status` enum('1','2','3','4') NOT NULL DEFAULT '1',
  `created_at` timestamp NOT NULL DEFAULT CURRENT_TIMESTAMP
) ENGINE=InnoDB DEFAULT CHARSET=utf8mb4;

--
-- Dumping data for table `get_digi_coin`
--

INSERT INTO `get_digi_coin` (`id`, `schoolUniqueCode`, `user_type`, `user_id`, `for_what`, `for_what_id`, `digiCoin`, `status`, `created_at`) VALUES
(1, '683611', 'Student', 5, 1, NULL, 10, '1', '2022-09-01 02:59:41'),
(2, '683611', 'Student', 8, 1, NULL, 10, '1', '2022-09-01 02:59:41'),
(3, '683611', 'Student', 16, 1, NULL, 10, '1', '2022-09-01 02:59:41'),
(4, '683611', 'Teacher', 3, 1, NULL, 30, '1', '2022-09-01 02:59:41'),
(5, '683611', 'Student', 5, 2, NULL, 10, '1', '2022-09-01 03:04:53'),
(6, '683611', 'Student', 8, 2, NULL, 10, '1', '2022-09-01 03:04:53'),
(7, '683611', 'Teacher', 3, 2, NULL, 15, '1', '2022-09-01 03:04:53'),
(8, '683611', 'Student', 5, 1, NULL, 10, '1', '2022-09-01 03:08:29'),
(9, '683611', 'Student', 8, 1, NULL, 10, '1', '2022-09-01 03:08:29'),
(10, '683611', 'Teacher', 3, 1, NULL, 30, '1', '2022-09-01 03:08:29'),
(11, '683611', 'Student', 13, 3, NULL, 10, '1', '2022-09-02 02:52:06'),
(12, '683611', 'Student', 14, 3, NULL, 6, '1', '2022-09-02 02:52:06'),
(13, '683611', 'Student', 16, 3, NULL, 5, '1', '2022-09-02 02:54:13'),
(14, '683611', 'Student', 13, 3, NULL, 10, '1', '2022-09-02 03:22:13'),
(15, '683611', 'Student', 14, 3, NULL, 6, '1', '2022-09-02 03:22:13'),
(16, '683611', 'Teacher', 14, 3, NULL, 0, '1', '2022-09-02 09:46:53'),
(17, '683611', 'Student', 5, 1, NULL, 10, '1', '2022-09-03 06:33:15'),
(18, '683611', 'Student', 8, 1, NULL, 10, '1', '2022-09-03 06:33:15'),
(19, '683611', 'Student', 16, 1, NULL, 10, '1', '2022-09-03 06:33:15'),
(20, '683611', 'Teacher', 2, 1, NULL, 30, '1', '2022-09-03 06:33:15'),
(21, '683611', 'Student', 5, 2, NULL, 10, '1', '2022-09-03 09:54:02'),
(22, '683611', 'Student', 8, 2, NULL, 10, '1', '2022-09-03 09:54:02'),
(23, '683611', 'Student', 16, 2, NULL, 10, '1', '2022-09-03 09:54:02'),
(24, '683611', 'Teacher', 2, 2, NULL, 15, '1', '2022-09-03 09:54:02'),
(25, '683611', 'Student', 5, 3, NULL, 4, '1', '2022-09-03 09:57:37'),
(26, '683611', 'Student', 8, 3, NULL, 9, '1', '2022-09-03 09:57:37'),
(27, '683611', 'Teacher', 16, 3, NULL, 15, '1', '2022-09-03 09:57:37'),
(28, '683611', 'Student', 7, 1, NULL, 10, '1', '2022-09-03 13:21:31'),
(29, '683611', 'Student', 17, 1, NULL, 10, '1', '2022-09-03 13:21:31'),
(30, '683611', 'Student', 19, 1, NULL, 10, '1', '2022-09-03 13:21:31'),
(31, '683611', 'Teacher', 3, 1, NULL, 30, '1', '2022-09-03 13:21:31'),
(32, '683611', 'Student', 4, 3, NULL, 9, '1', '2022-09-03 13:25:38'),
(33, '683611', 'Student', 5, 1, NULL, 10, '1', '2022-09-03 15:19:34'),
(34, '683611', 'Student', 16, 1, NULL, 10, '1', '2022-09-03 15:19:34'),
(35, '683611', 'Teacher', 2, 1, NULL, 30, '1', '2022-09-03 15:19:34'),
(36, '683611', 'Student', 5, 1, NULL, 10, '1', '2022-09-04 04:37:02'),
(37, '683611', 'Student', 8, 1, NULL, 10, '1', '2022-09-04 04:37:02'),
(38, '683611', 'Teacher', 2, 1, NULL, 30, '1', '2022-09-04 04:37:02'),
(39, '683611', 'Student', 5, 2, NULL, 10, '1', '2022-09-04 04:39:28'),
(40, '683611', 'Student', 8, 2, NULL, 10, '1', '2022-09-04 04:39:28'),
(41, '683611', 'Teacher', 2, 2, NULL, 15, '1', '2022-09-04 04:39:28'),
(42, '683611', 'Student', 8, 3, NULL, 6, '1', '2022-09-04 04:48:39'),
(43, '683611', 'Teacher', 16, 3, NULL, 0, '1', '2022-09-04 04:48:39'),
(44, '683611', 'Student', 4, 1, NULL, 10, '1', '2022-09-04 16:46:09'),
(45, '683611', 'Teacher', 2, 1, NULL, 30, '1', '2022-09-04 16:46:09'),
(46, '683611', 'Student', 4, 2, NULL, 10, '1', '2022-09-04 16:48:05'),
(47, '683611', 'Teacher', 2, 2, NULL, 15, '1', '2022-09-04 16:48:05'),
(48, '683611', 'Student', 5, 1, NULL, 10, '1', '2022-09-05 03:31:33'),
(49, '683611', 'Student', 8, 1, NULL, 10, '1', '2022-09-05 03:31:33'),
(50, '683611', 'Student', 19, 1, NULL, 10, '1', '2022-09-05 03:31:33'),
(51, '683611', 'Teacher', 3, 1, NULL, 30, '1', '2022-09-05 03:31:33'),
(52, '683611', 'Student', 5, 1, NULL, 10, '1', '2022-09-05 03:44:31'),
(53, '683611', 'Student', 8, 1, NULL, 10, '1', '2022-09-05 03:44:31'),
(54, '683611', 'Student', 19, 1, NULL, 10, '1', '2022-09-05 03:44:31'),
(55, '683611', 'Teacher', 6, 1, NULL, 30000, '1', '2022-09-05 03:44:31'),
(56, '683611', 'Student', 5, 1, NULL, 10, '1', '2022-09-06 13:58:26'),
(57, '683611', 'Student', 8, 1, NULL, 10, '1', '2022-09-06 13:58:26'),
(58, '683611', 'Teacher', 2, 1, NULL, 30, '1', '2022-09-06 13:58:26'),
(59, '683611', 'Student', 5, 1, NULL, 10, '1', '2022-09-07 13:16:52'),
(60, '683611', 'Student', 16, 1, NULL, 10, '1', '2022-09-07 13:16:52'),
(61, '683611', 'Teacher', 2, 1, NULL, 30, '1', '2022-09-07 13:16:52'),
(62, '683611', 'Student', 5, 2, NULL, 10, '1', '2022-09-07 13:18:54'),
(63, '683611', 'Student', 16, 2, NULL, 10, '1', '2022-09-07 13:18:54'),
(64, '683611', 'Teacher', 2, 2, NULL, 15, '1', '2022-09-07 13:18:54'),
(65, '683611', 'Student', 5, 3, NULL, 6, '1', '2022-09-07 13:39:03'),
(66, '683611', 'Student', 16, 3, NULL, 5, '1', '2022-09-07 13:39:03'),
(67, '683611', 'Teacher', 16, 3, NULL, 12, '1', '2022-09-07 13:39:03'),
(68, '683611', 'Student', 8, 1, NULL, 10, '1', '2022-09-08 14:53:55'),
(69, '683611', 'Teacher', 2, 1, NULL, 30, '1', '2022-09-08 14:53:55'),
(70, '683611', 'Student', 8, 2, NULL, 10, '1', '2022-09-08 15:07:35'),
(71, '683611', 'Teacher', 2, 2, NULL, 15, '1', '2022-09-08 15:07:35'),
(72, '683611', 'Student', 5, 1, NULL, 10, '1', '2022-09-09 08:53:48'),
(73, '683611', 'Student', 8, 1, NULL, 10, '1', '2022-09-09 08:53:48'),
(74, '683611', 'Teacher', 2, 1, NULL, 30, '1', '2022-09-09 08:53:48'),
(75, '683611', 'Student', 5, 1, NULL, 10, '1', '2022-09-10 07:54:56'),
(76, '683611', 'Student', 8, 1, NULL, 10, '1', '2022-09-10 07:54:56'),
(77, '683611', 'Teacher', 9, 1, NULL, 30, '1', '2022-09-10 07:54:56'),
(78, '683611', 'Student', 5, 2, NULL, 10, '1', '2022-09-10 09:32:04'),
(79, '683611', 'Student', 8, 2, NULL, 10, '1', '2022-09-10 09:32:04'),
(80, '683611', 'Teacher', 9, 2, NULL, 15, '1', '2022-09-10 09:32:04'),
(81, '683611', 'Student', 5, 1, NULL, 10, '1', '2022-09-11 04:49:06'),
(82, '683611', 'Student', 8, 1, NULL, 10, '1', '2022-09-11 04:49:06'),
(83, '683611', 'Teacher', 2, 1, NULL, 30, '1', '2022-09-11 04:49:06'),
(84, '683611', 'Student', 5, 3, NULL, 7, '1', '2022-09-11 08:38:34'),
(85, '683611', 'Teacher', 16, 3, NULL, 18, '1', '2022-09-11 08:38:34'),
(86, '683611', 'Student', 4, 1, NULL, 10, '1', '2022-09-11 12:27:28'),
(87, '683611', 'Teacher', 2, 1, NULL, 30, '1', '2022-09-11 12:27:28'),
(88, '683611', 'Student', 4, 2, NULL, 10, '1', '2022-09-11 12:28:52'),
(89, '683611', 'Teacher', 2, 2, NULL, 15, '1', '2022-09-11 12:28:52'),
(90, '683611', 'Student', 5, 1, NULL, 10, '1', '2022-09-13 10:00:21'),
(91, '683611', 'Student', 16, 1, NULL, 10, '1', '2022-09-13 10:00:21'),
(92, '683611', 'Teacher', 2, 1, NULL, 30, '1', '2022-09-13 10:00:21'),
(93, '683611', 'Student', 5, 1, NULL, 10, '1', '2022-09-15 07:41:03'),
(94, '683611', 'Student', 8, 1, NULL, 10, '1', '2022-09-15 07:41:03'),
(95, '683611', 'Student', 118, 1, NULL, 10, '1', '2022-09-15 07:41:03'),
(96, '683611', 'Student', 119, 1, NULL, 10, '1', '2022-09-15 07:41:03'),
(97, '683611', 'Teacher', 2, 1, NULL, 30, '1', '2022-09-15 07:41:03'),
(98, '683611', 'Student', 103, 1, NULL, 10, '1', '2022-09-15 12:21:13'),
(99, '683611', 'Student', 104, 1, NULL, 10, '1', '2022-09-15 12:21:13'),
(100, '683611', 'Teacher', 2, 1, NULL, 30, '1', '2022-09-15 12:21:13'),
(101, '683611', 'Student', 58, 1, NULL, 10, '1', '2022-09-15 12:22:27'),
(102, '683611', 'Student', 59, 1, NULL, 10, '1', '2022-09-15 12:22:27'),
(103, '683611', 'Student', 60, 1, NULL, 10, '1', '2022-09-15 12:22:27'),
(104, '683611', 'Teacher', 2, 1, NULL, 30, '1', '2022-09-15 12:22:27'),
(105, '683611', 'Student', 5, 2, NULL, 10, '1', '2022-09-15 16:03:23'),
(106, '683611', 'Student', 8, 2, NULL, 10, '1', '2022-09-15 16:03:23'),
(107, '683611', 'Student', 118, 2, NULL, 10, '1', '2022-09-15 16:03:23'),
(108, '683611', 'Student', 119, 2, NULL, 10, '1', '2022-09-15 16:03:23'),
(109, '683611', 'Teacher', 9, 2, NULL, 15, '1', '2022-09-15 16:03:23'),
(110, '683611', 'Student', 5, 1, NULL, 10, '1', '2022-09-16 10:46:26'),
(111, '683611', 'Student', 8, 1, NULL, 10, '1', '2022-09-16 10:46:26'),
(112, '683611', 'Student', 118, 1, NULL, 10, '1', '2022-09-16 10:46:26'),
(113, '683611', 'Student', 119, 1, NULL, 10, '1', '2022-09-16 10:46:26'),
(114, '683611', 'Student', 120, 1, NULL, 10, '1', '2022-09-16 10:46:26'),
(115, '683611', 'Student', 134, 1, NULL, 10, '1', '2022-09-16 10:46:26'),
(116, '683611', 'Student', 136, 1, NULL, 10, '1', '2022-09-16 10:46:26'),
(117, '683611', 'Student', 137, 1, NULL, 10, '1', '2022-09-16 10:46:26'),
(118, '683611', 'Student', 138, 1, NULL, 10, '1', '2022-09-16 10:46:26'),
(119, '683611', 'Student', 139, 1, NULL, 10, '1', '2022-09-16 10:46:26'),
(120, '683611', 'Student', 140, 1, NULL, 10, '1', '2022-09-16 10:46:26'),
(121, '683611', 'Student', 141, 1, NULL, 10, '1', '2022-09-16 10:46:26'),
(122, '683611', 'Student', 142, 1, NULL, 10, '1', '2022-09-16 10:46:26'),
(123, '683611', 'Student', 143, 1, NULL, 10, '1', '2022-09-16 10:46:26'),
(124, '683611', 'Student', 147, 1, NULL, 10, '1', '2022-09-16 10:46:26'),
(125, '683611', 'Student', 148, 1, NULL, 10, '1', '2022-09-16 10:46:26'),
(126, '683611', 'Student', 150, 1, NULL, 10, '1', '2022-09-16 10:46:26'),
(127, '683611', 'Student', 151, 1, NULL, 10, '1', '2022-09-16 10:46:26'),
(128, '683611', 'Student', 152, 1, NULL, 10, '1', '2022-09-16 10:46:26'),
(129, '683611', 'Student', 153, 1, NULL, 10, '1', '2022-09-16 10:46:26'),
(130, '683611', 'Student', 154, 1, NULL, 10, '1', '2022-09-16 10:46:26'),
(131, '683611', 'Student', 155, 1, NULL, 10, '1', '2022-09-16 10:46:26'),
(132, '683611', 'Student', 156, 1, NULL, 10, '1', '2022-09-16 10:46:26'),
(133, '683611', 'Student', 157, 1, NULL, 10, '1', '2022-09-16 10:46:26'),
(134, '683611', 'Student', 158, 1, NULL, 10, '1', '2022-09-16 10:46:26'),
(135, '683611', 'Student', 159, 1, NULL, 10, '1', '2022-09-16 10:46:26'),
(136, '683611', 'Student', 160, 1, NULL, 10, '1', '2022-09-16 10:46:26'),
(137, '683611', 'Student', 161, 1, NULL, 10, '1', '2022-09-16 10:46:26'),
(138, '683611', 'Student', 162, 1, NULL, 10, '1', '2022-09-16 10:46:26'),
(139, '683611', 'Student', 163, 1, NULL, 10, '1', '2022-09-16 10:46:26'),
(140, '683611', 'Student', 165, 1, NULL, 10, '1', '2022-09-16 10:46:26'),
(141, '683611', 'Student', 166, 1, NULL, 10, '1', '2022-09-16 10:46:26'),
(142, '683611', 'Teacher', 2, 1, NULL, 30, '1', '2022-09-16 10:46:26'),
(143, '683611', 'Student', 130, 1, NULL, 10, '1', '2022-09-16 10:47:19'),
(144, '683611', 'Teacher', 2, 1, NULL, 30, '1', '2022-09-16 10:47:19'),
(145, '683611', 'Student', 103, 1, NULL, 10, '1', '2022-09-16 14:02:18'),
(146, '683611', 'Student', 105, 1, NULL, 10, '1', '2022-09-16 14:02:18'),
(147, '683611', 'Teacher', 2, 1, NULL, 30, '1', '2022-09-16 14:02:18'),
(148, '683611', 'Student', 5, 1, NULL, 10, '1', '2022-09-17 10:34:59'),
(149, '683611', 'Student', 8, 1, NULL, 10, '1', '2022-09-17 10:34:59'),
(150, '683611', 'Student', 16, 1, NULL, 10, '1', '2022-09-17 10:34:59'),
(151, '683611', 'Student', 118, 1, NULL, 10, '1', '2022-09-17 10:34:59'),
(152, '683611', 'Student', 119, 1, NULL, 10, '1', '2022-09-17 10:34:59'),
(153, '683611', 'Student', 120, 1, NULL, 10, '1', '2022-09-17 10:34:59'),
(154, '683611', 'Student', 134, 1, NULL, 10, '1', '2022-09-17 10:34:59'),
(155, '683611', 'Student', 135, 1, NULL, 10, '1', '2022-09-17 10:34:59'),
(156, '683611', 'Student', 137, 1, NULL, 10, '1', '2022-09-17 10:34:59'),
(157, '683611', 'Student', 140, 1, NULL, 10, '1', '2022-09-17 10:34:59'),
(158, '683611', 'Student', 141, 1, NULL, 10, '1', '2022-09-17 10:34:59'),
(159, '683611', 'Student', 144, 1, NULL, 10, '1', '2022-09-17 10:34:59'),
(160, '683611', 'Student', 145, 1, NULL, 10, '1', '2022-09-17 10:34:59'),
(161, '683611', 'Student', 146, 1, NULL, 10, '1', '2022-09-17 10:34:59'),
(162, '683611', 'Student', 147, 1, NULL, 10, '1', '2022-09-17 10:34:59'),
(163, '683611', 'Student', 148, 1, NULL, 10, '1', '2022-09-17 10:34:59'),
(164, '683611', 'Student', 150, 1, NULL, 10, '1', '2022-09-17 10:34:59'),
(165, '683611', 'Student', 151, 1, NULL, 10, '1', '2022-09-17 10:34:59'),
(166, '683611', 'Student', 152, 1, NULL, 10, '1', '2022-09-17 10:34:59'),
(167, '683611', 'Student', 153, 1, NULL, 10, '1', '2022-09-17 10:34:59'),
(168, '683611', 'Student', 154, 1, NULL, 10, '1', '2022-09-17 10:34:59'),
(169, '683611', 'Student', 155, 1, NULL, 10, '1', '2022-09-17 10:34:59'),
(170, '683611', 'Student', 156, 1, NULL, 10, '1', '2022-09-17 10:34:59'),
(171, '683611', 'Student', 157, 1, NULL, 10, '1', '2022-09-17 10:34:59'),
(172, '683611', 'Student', 158, 1, NULL, 10, '1', '2022-09-17 10:34:59'),
(173, '683611', 'Student', 159, 1, NULL, 10, '1', '2022-09-17 10:34:59'),
(174, '683611', 'Student', 160, 1, NULL, 10, '1', '2022-09-17 10:34:59'),
(175, '683611', 'Student', 161, 1, NULL, 10, '1', '2022-09-17 10:34:59'),
(176, '683611', 'Student', 162, 1, NULL, 10, '1', '2022-09-17 10:34:59'),
(177, '683611', 'Student', 163, 1, NULL, 10, '1', '2022-09-17 10:34:59'),
(178, '683611', 'Student', 164, 1, NULL, 10, '1', '2022-09-17 10:34:59'),
(179, '683611', 'Student', 165, 1, NULL, 10, '1', '2022-09-17 10:34:59'),
(180, '683611', 'Student', 166, 1, NULL, 10, '1', '2022-09-17 10:34:59'),
(181, '683611', 'Teacher', 2, 1, NULL, 30, '1', '2022-09-17 10:34:59'),
(182, '683611', 'Teacher', 33, 3, NULL, 0, '1', '2022-09-17 15:02:38'),
(183, '683611', 'Student', 27, 1, NULL, 10, '1', '2022-09-19 02:03:53'),
(184, '683611', 'Student', 31, 1, NULL, 10, '1', '2022-09-19 02:03:53'),
(185, '683611', 'Student', 32, 1, NULL, 10, '1', '2022-09-19 02:03:53'),
(186, '683611', 'Teacher', 2, 1, NULL, 30, '1', '2022-09-19 02:03:53'),
(187, '683611', 'Student', 27, 3, NULL, 6, '1', '2022-09-20 00:38:30'),
(188, '683611', 'Student', 31, 3, NULL, 9, '1', '2022-09-20 00:38:30'),
(189, '683611', 'Student', 33, 3, NULL, 7, '1', '2022-09-20 00:38:30'),
(190, '683611', 'Teacher', 33, 3, NULL, 21, '1', '2022-09-20 00:38:30'),
(191, '683611', 'Teacher', 39, 3, NULL, 0, '1', '2022-09-20 01:11:56'),
(192, '683611', 'Student', 49, 3, NULL, 5, '1', '2022-09-20 01:40:34'),
(193, '683611', 'Student', 50, 3, NULL, 6, '1', '2022-09-20 01:40:34'),
(194, '683611', 'Student', 51, 3, NULL, 7, '1', '2022-09-20 01:40:34'),
(195, '683611', 'Teacher', 2, 3, NULL, 18, '1', '2022-09-20 01:40:34'),
(196, '683611', 'Student', 104, 3, 19, 7, '1', '2022-09-20 01:57:53'),
(197, '683611', 'Student', 105, 3, 19, 6, '1', '2022-09-20 01:57:53'),
(198, '683611', 'Teacher', 2, 3, 19, 15, '1', '2022-09-20 01:57:53'),
(199, '683611', 'Student', 118, 1, 159, 10, '1', '2022-09-20 04:15:19'),
(200, '683611', 'Student', 119, 1, 160, 10, '1', '2022-09-20 04:15:19'),
(201, '683611', 'Student', 120, 1, 161, 10, '1', '2022-09-20 04:15:19'),
(202, '683611', 'Student', 135, 1, 163, 10, '1', '2022-09-20 04:15:19'),
(203, '683611', 'Student', 137, 1, 165, 10, '1', '2022-09-20 04:15:19'),
(204, '683611', 'Student', 139, 1, 167, 10, '1', '2022-09-20 04:15:19'),
(205, '683611', 'Student', 141, 1, 169, 10, '1', '2022-09-20 04:15:19'),
(206, '683611', 'Student', 143, 1, 171, 10, '1', '2022-09-20 04:15:19'),
(207, '683611', 'Student', 145, 1, 173, 10, '1', '2022-09-20 04:15:19'),
(208, '683611', 'Student', 147, 1, 175, 10, '1', '2022-09-20 04:15:19'),
(209, '683611', 'Student', 150, 1, 177, 10, '1', '2022-09-20 04:15:19'),
(210, '683611', 'Student', 151, 1, 178, 10, '1', '2022-09-20 04:15:19'),
(211, '683611', 'Student', 152, 1, 179, 10, '1', '2022-09-20 04:15:19'),
(212, '683611', 'Student', 155, 1, 182, 10, '1', '2022-09-20 04:15:19'),
(213, '683611', 'Student', 156, 1, 183, 10, '1', '2022-09-20 04:15:19'),
(214, '683611', 'Student', 158, 1, 185, 10, '1', '2022-09-20 04:15:19'),
(215, '683611', 'Student', 160, 1, 187, 10, '1', '2022-09-20 04:15:19'),
(216, '683611', 'Student', 162, 1, 189, 10, '1', '2022-09-20 04:15:19'),
(217, '683611', 'Student', 165, 1, 192, 10, '1', '2022-09-20 04:15:19'),
(218, '683611', 'Student', 166, 1, 193, 10, '1', '2022-09-20 04:15:19'),
(219, '683611', 'Teacher', 9, 1, 0, 30, '1', '2022-09-20 04:15:19'),
(220, '683611', 'Student', 27, 1, 194, 10, '1', '2022-09-20 05:04:50'),
(221, '683611', 'Student', 31, 1, 195, 10, '1', '2022-09-20 05:04:50'),
(222, '683611', 'Student', 32, 1, 196, 10, '1', '2022-09-20 05:04:50'),
(223, '683611', 'Student', 33, 1, 197, 10, '1', '2022-09-20 05:04:50'),
(224, '683611', 'Student', 37, 1, 198, 10, '1', '2022-09-20 09:02:21'),
(225, '683611', 'Student', 39, 1, 200, 10, '1', '2022-09-20 09:02:21'),
(226, '683611', 'Teacher', 2, 1, 0, 30, '1', '2022-09-20 09:02:21'),
(227, '683611', 'Student', 37, 2, 24, 10, '1', '2022-09-20 09:02:42'),
(228, '683611', 'Student', 39, 2, 25, 10, '1', '2022-09-20 09:02:42'),
(229, '683611', 'Teacher', 2, 2, 0, 20, '1', '2022-09-20 09:02:42'),
(230, '683611', 'Student', 130, 1, 201, 10, '1', '2022-09-20 11:27:47'),
(231, '683611', 'Student', 132, 1, 202, 10, '1', '2022-09-20 11:27:47'),
(232, '683611', 'Student', 133, 1, 203, 10, '1', '2022-09-20 11:27:47'),
(233, '683611', 'Student', 49, 1, 204, 10, '1', '2022-09-20 12:53:10'),
(234, '683611', 'Student', 50, 1, 205, 10, '1', '2022-09-20 12:53:10'),
(235, '683611', 'Student', 51, 1, 206, 10, '1', '2022-09-20 12:53:10'),
(236, '683611', 'Teacher', 2, 1, 0, 30, '1', '2022-09-20 12:53:10'),
(237, '683611', 'Student', 52, 1, 207, 10, '1', '2022-09-20 12:53:59'),
(238, '683611', 'Student', 53, 1, 208, 10, '1', '2022-09-20 12:53:59'),
(239, '683611', 'Student', 54, 1, 209, 10, '1', '2022-09-20 12:53:59'),
(240, '683611', 'Teacher', 2, 1, 0, 30, '1', '2022-09-20 12:53:59'),
(241, '683611', 'Student', 52, 2, 26, 10, '1', '2022-09-20 12:55:56'),
(242, '683611', 'Student', 53, 2, 27, 10, '1', '2022-09-20 12:55:56'),
(243, '683611', 'Student', 54, 2, 28, 10, '1', '2022-09-20 12:55:56'),
(244, '683611', 'Teacher', 2, 2, 0, 20, '1', '2022-09-20 12:55:56'),
(245, '683611', 'Student', 27, 1, 210, 10, '1', '2022-09-21 00:46:53'),
(246, '683611', 'Student', 32, 1, 212, 10, '1', '2022-09-21 00:46:53'),
(247, '683611', 'Teacher', 2, 1, 0, 30, '1', '2022-09-21 00:46:53'),
(248, '683611', 'Student', 103, 1, 214, 10, '1', '2022-09-21 02:07:31'),
(249, '683611', 'Student', 105, 1, 216, 10, '1', '2022-09-21 02:07:31'),
(250, '683611', 'Teacher', 2, 1, 0, 30, '1', '2022-09-21 02:07:31'),
(251, '683611', 'Student', 27, 2, 29, 10, '1', '2022-09-21 02:07:40'),
(252, '683611', 'Student', 32, 2, 30, 10, '1', '2022-09-21 02:07:40'),
(253, '683611', 'Teacher', 2, 2, 0, 20, '1', '2022-09-21 02:07:40'),
(254, '683611', 'Student', 37, 1, 217, 10, '1', '2022-09-21 08:01:47'),
(255, '683611', 'Student', 38, 1, 218, 10, '1', '2022-09-21 08:01:47'),
(256, '683611', 'Teacher', 2, 1, 0, 30, '1', '2022-09-21 08:01:47'),
(257, '683611', 'Student', 37, 2, 31, 10, '1', '2022-09-21 08:02:30'),
(258, '683611', 'Student', 38, 2, 32, 10, '1', '2022-09-21 08:02:30'),
(259, '683611', 'Teacher', 2, 2, 0, 20, '1', '2022-09-21 08:02:30'),
(260, '683611', 'Student', 37, 3, 23, 7, '1', '2022-09-21 08:05:45'),
(261, '683611', 'Student', 38, 3, 23, 5, '1', '2022-09-21 08:05:45'),
(262, '683611', 'Teacher', 2, 3, 23, 15, '1', '2022-09-21 08:05:45'),
(263, '683611', 'Student', 43, 1, 220, 10, '1', '2022-09-21 10:25:38'),
(264, '683611', 'Student', 44, 1, 221, 10, '1', '2022-09-21 10:25:38'),
(265, '683611', 'Teacher', 2, 1, 0, 30, '1', '2022-09-21 10:25:38'),
(266, '683611', 'Student', 43, 2, 33, 10, '1', '2022-09-21 10:26:31'),
(267, '683611', 'Student', 44, 2, 34, 10, '1', '2022-09-21 10:26:32'),
(268, '683611', 'Teacher', 2, 2, 0, 20, '1', '2022-09-21 10:26:32'),
(269, '683611', 'Teacher', 2, 3, 24, 0, '1', '2022-09-21 10:33:33'),
(270, '683611', 'Student', 52, 1, 223, 10, '1', '2022-09-21 13:48:21'),
(271, '683611', 'Student', 54, 1, 225, 10, '1', '2022-09-21 13:48:21'),
(272, '683611', 'Teacher', 2, 1, 0, 30, '1', '2022-09-21 13:48:21'),
(273, '683611', 'Student', 52, 2, 35, 10, '1', '2022-09-21 13:49:02'),
(274, '683611', 'Student', 54, 2, 36, 10, '1', '2022-09-21 13:49:02'),
(275, '683611', 'Teacher', 2, 2, 0, 20, '1', '2022-09-21 13:49:02'),
(276, '683611', 'Student', 49, 1, 226, 10, '1', '2022-09-21 14:01:43'),
(277, '683611', 'Student', 51, 1, 228, 10, '1', '2022-09-21 14:01:43'),
(278, '683611', 'Teacher', 2, 1, 0, 30, '1', '2022-09-21 14:01:43'),
(279, '683611', 'Student', 16, 1, 229, 10, '1', '2022-09-22 05:45:43'),
(280, '683611', 'Student', 118, 1, 230, 10, '1', '2022-09-22 05:45:43'),
(281, '683611', 'Student', 119, 1, 231, 10, '1', '2022-09-22 05:45:43'),
(282, '683611', 'Student', 120, 1, 232, 10, '1', '2022-09-22 05:45:43'),
(283, '683611', 'Student', 134, 1, 233, 10, '1', '2022-09-22 05:45:43'),
(284, '683611', 'Student', 135, 1, 234, 10, '1', '2022-09-22 05:45:43'),
(285, '683611', 'Student', 136, 1, 235, 10, '1', '2022-09-22 05:45:43'),
(286, '683611', 'Student', 137, 1, 236, 10, '1', '2022-09-22 05:45:43'),
(287, '683611', 'Student', 138, 1, 237, 10, '1', '2022-09-22 05:45:43'),
(288, '683611', 'Student', 139, 1, 238, 10, '1', '2022-09-22 05:45:43'),
(289, '683611', 'Student', 140, 1, 239, 10, '1', '2022-09-22 05:45:43'),
(290, '683611', 'Student', 141, 1, 240, 10, '1', '2022-09-22 05:45:43'),
(291, '683611', 'Student', 142, 1, 241, 10, '1', '2022-09-22 05:45:43'),
(292, '683611', 'Student', 143, 1, 242, 10, '1', '2022-09-22 05:45:43'),
(293, '683611', 'Student', 144, 1, 243, 10, '1', '2022-09-22 05:45:43'),
(294, '683611', 'Student', 145, 1, 244, 10, '1', '2022-09-22 05:45:43'),
(295, '683611', 'Student', 146, 1, 245, 10, '1', '2022-09-22 05:45:43'),
(296, '683611', 'Student', 147, 1, 246, 10, '1', '2022-09-22 05:45:43'),
(297, '683611', 'Student', 148, 1, 247, 10, '1', '2022-09-22 05:45:43'),
(298, '683611', 'Student', 150, 1, 248, 10, '1', '2022-09-22 05:45:43'),
(299, '683611', 'Student', 151, 1, 249, 10, '1', '2022-09-22 05:45:43'),
(300, '683611', 'Student', 152, 1, 250, 10, '1', '2022-09-22 05:45:43'),
(301, '683611', 'Student', 153, 1, 251, 10, '1', '2022-09-22 05:45:43'),
(302, '683611', 'Student', 154, 1, 252, 10, '1', '2022-09-22 05:45:43'),
(303, '683611', 'Student', 155, 1, 253, 10, '1', '2022-09-22 05:45:43'),
(304, '683611', 'Student', 156, 1, 254, 10, '1', '2022-09-22 05:45:43'),
(305, '683611', 'Student', 157, 1, 255, 10, '1', '2022-09-22 05:45:43'),
(306, '683611', 'Student', 158, 1, 256, 10, '1', '2022-09-22 05:45:43'),
(307, '683611', 'Student', 159, 1, 257, 10, '1', '2022-09-22 05:45:43'),
(308, '683611', 'Student', 160, 1, 258, 10, '1', '2022-09-22 05:45:43'),
(309, '683611', 'Student', 161, 1, 259, 10, '1', '2022-09-22 05:45:43'),
(310, '683611', 'Student', 162, 1, 260, 10, '1', '2022-09-22 05:45:43'),
(311, '683611', 'Student', 163, 1, 261, 10, '1', '2022-09-22 05:45:43'),
(312, '683611', 'Student', 164, 1, 262, 10, '1', '2022-09-22 05:45:43'),
(313, '683611', 'Student', 165, 1, 263, 10, '1', '2022-09-22 05:45:43'),
(314, '683611', 'Student', 166, 1, 264, 10, '1', '2022-09-22 05:45:43'),
(315, '683611', 'Teacher', 9, 1, 0, 30, '1', '2022-09-22 05:45:43'),
(316, '683611', 'Student', 37, 1, 265, 10, '1', '2022-09-22 09:25:04'),
(317, '683611', 'Student', 38, 1, 266, 10, '1', '2022-09-22 09:25:04'),
(318, '683611', 'Teacher', 11, 1, 0, 30, '1', '2022-09-22 09:25:04'),
(319, '683611', 'Student', 37, 2, 37, 10, '1', '2022-09-22 09:26:06'),
(320, '683611', 'Student', 38, 2, 38, 10, '1', '2022-09-22 09:26:06'),
(321, '683611', 'Teacher', 11, 2, 0, 20, '1', '2022-09-22 09:26:06'),
(322, '683611', 'Student', 40, 1, 268, 10, '1', '2022-09-22 16:26:41'),
(323, '683611', 'Student', 41, 1, 269, 10, '1', '2022-09-22 16:26:41'),
(324, '683611', 'Student', 42, 1, 270, 10, '1', '2022-09-22 16:26:41'),
(325, '683611', 'Teacher', 2, 1, 0, 30, '1', '2022-09-22 16:26:41'),
(326, '683611', 'Student', 97, 1, 271, 10, '1', '2022-09-23 01:10:50'),
(327, '683611', 'Student', 98, 1, 272, 10, '1', '2022-09-23 01:10:50'),
(328, '683611', 'Student', 99, 1, 273, 10, '1', '2022-09-23 01:10:50'),
(329, '683611', 'Teacher', 2, 1, 0, 30, '1', '2022-09-23 01:10:50'),
(330, '683611', 'Student', 37, 1, 274, 10, '1', '2022-09-23 01:50:22'),
(331, '683611', 'Student', 39, 1, 276, 10, '1', '2022-09-23 01:50:22'),
(332, '683611', 'Student', 37, 1, 277, 10, '1', '2022-09-23 01:51:38'),
(333, '683611', 'Student', 38, 1, 278, 10, '1', '2022-09-23 01:51:38'),
(334, '683611', 'Teacher', 5, 1, 0, 30, '1', '2022-09-23 01:51:38'),
(335, '683611', 'Student', 37, 1, 280, 10, '1', '2022-09-23 01:54:25'),
(336, '683611', 'Student', 38, 1, 281, 10, '1', '2022-09-23 01:54:25'),
(337, '683611', 'Teacher', 5, 1, 0, 30, '1', '2022-09-23 01:54:34'),
(338, '683611', 'Student', 37, 1, 283, 10, '1', '2022-09-23 01:56:57'),
(339, '683611', 'Student', 38, 1, 284, 10, '1', '2022-09-23 01:56:57'),
(340, '683611', 'Teacher', 5, 1, 0, 30, '1', '2022-09-23 01:56:57'),
(341, '683611', 'Student', 37, 1, 286, 10, '1', '2022-09-23 01:58:06'),
(342, '683611', 'Student', 38, 1, 287, 10, '1', '2022-09-23 01:58:06'),
(343, '683611', 'Teacher', 5, 1, 0, 30, '1', '2022-09-23 01:58:06'),
(344, '683611', 'Student', 37, 1, 289, 10, '1', '2022-09-23 01:59:24'),
(345, '683611', 'Student', 38, 1, 290, 10, '1', '2022-09-23 01:59:24'),
(346, '683611', 'Teacher', 5, 1, 0, 30, '1', '2022-09-23 01:59:24'),
(347, '683611', 'Student', 37, 1, 292, 10, '1', '2022-09-23 02:00:20'),
(348, '683611', 'Student', 38, 1, 293, 10, '1', '2022-09-23 02:00:20'),
(349, '683611', 'Student', 37, 1, 295, 10, '1', '2022-09-23 02:01:08'),
(350, '683611', 'Student', 38, 1, 296, 10, '1', '2022-09-23 02:01:08'),
(351, '683611', 'Teacher', 5, 1, 0, 30, '1', '2022-09-23 02:01:08'),
(352, '683611', 'Student', 37, 2, 39, 10, '1', '2022-09-23 02:09:46'),
(353, '683611', 'Student', 38, 2, 40, 10, '1', '2022-09-23 02:09:46'),
(354, '683611', 'Teacher', 5, 2, 0, 20, '1', '2022-09-23 02:09:46'),
(355, '683611', 'Student', 37, 3, 30, 7, '1', '2022-09-23 02:53:36'),
(356, '683611', 'Student', 38, 3, 30, 6, '1', '2022-09-23 02:53:36'),
(357, '683611', 'Student', 39, 3, 30, 10, '1', '2022-09-23 02:53:36'),
(358, '683611', 'Teacher', 5, 3, 30, 24, '1', '2022-09-23 02:53:38'),
(359, '683611', 'Student', 92, 1, 299, 10, '1', '2022-09-23 07:34:13'),
(360, '683611', 'Teacher', 2, 1, 0, 30, '1', '2022-09-23 07:34:13'),
(361, '683611', 'Student', 16, 1, 301, 10, '1', '2022-09-23 10:33:10'),
(362, '683611', 'Student', 118, 1, 302, 10, '1', '2022-09-23 10:33:10'),
(363, '683611', 'Student', 120, 1, 304, 10, '1', '2022-09-23 10:33:10'),
(364, '683611', 'Student', 135, 1, 306, 10, '1', '2022-09-23 10:33:10'),
(365, '683611', 'Student', 137, 1, 308, 10, '1', '2022-09-23 10:33:10'),
(366, '683611', 'Student', 138, 1, 309, 10, '1', '2022-09-23 10:33:10'),
(367, '683611', 'Student', 139, 1, 310, 10, '1', '2022-09-23 10:33:10'),
(368, '683611', 'Student', 141, 1, 312, 10, '1', '2022-09-23 10:33:10'),
(369, '683611', 'Student', 143, 1, 314, 10, '1', '2022-09-23 10:33:10'),
(370, '683611', 'Student', 144, 1, 315, 10, '1', '2022-09-23 10:33:10'),
(371, '683611', 'Student', 145, 1, 316, 10, '1', '2022-09-23 10:33:10'),
(372, '683611', 'Student', 148, 1, 319, 10, '1', '2022-09-23 10:33:10'),
(373, '683611', 'Student', 150, 1, 320, 10, '1', '2022-09-23 10:33:10'),
(374, '683611', 'Student', 151, 1, 321, 10, '1', '2022-09-23 10:33:10'),
(375, '683611', 'Student', 153, 1, 323, 10, '1', '2022-09-23 10:33:10'),
(376, '683611', 'Student', 154, 1, 324, 10, '1', '2022-09-23 10:33:10'),
(377, '683611', 'Student', 155, 1, 325, 10, '1', '2022-09-23 10:33:10'),
(378, '683611', 'Student', 157, 1, 327, 10, '1', '2022-09-23 10:33:10'),
(379, '683611', 'Student', 159, 1, 329, 10, '1', '2022-09-23 10:33:10'),
(380, '683611', 'Student', 161, 1, 331, 10, '1', '2022-09-23 10:33:10'),
(381, '683611', 'Student', 164, 1, 334, 10, '1', '2022-09-23 10:33:10'),
(382, '683611', 'Student', 166, 1, 336, 10, '1', '2022-09-23 10:33:10'),
(383, '683611', 'Teacher', 2, 1, 0, 30, '1', '2022-09-23 10:33:10'),
(384, '683611', 'Student', 121, 1, 337, 10, '1', '2022-09-23 15:21:37'),
(385, '683611', 'Student', 123, 1, 339, 10, '1', '2022-09-23 15:21:37'),
(386, '683611', 'Student', 131, 1, 340, 10, '1', '2022-09-23 15:21:37'),
(387, '683611', 'Teacher', 2, 1, 0, 30, '1', '2022-09-23 15:21:38'),
(388, '683611', 'Student', 103, 1, 341, 10, '1', '2022-09-24 01:47:19'),
(389, '683611', 'Student', 105, 1, 343, 10, '1', '2022-09-24 01:47:19'),
(390, '683611', 'Teacher', 2, 1, 0, 30, '1', '2022-09-24 01:47:20'),
(391, '683611', 'Student', 130, 1, 344, 10, '1', '2022-09-24 01:58:00'),
(392, '683611', 'Student', 132, 1, 345, 10, '1', '2022-09-24 01:58:00'),
(393, '683611', 'Teacher', 2, 1, 0, 30, '1', '2022-09-24 01:58:00'),
(394, '683611', 'Student', 37, 1, 347, 10, '1', '2022-09-24 01:58:41'),
(395, '683611', 'Student', 38, 1, 348, 10, '1', '2022-09-24 01:58:41'),
(396, '683611', 'Teacher', 5, 1, 0, 30, '1', '2022-09-24 01:58:41'),
(397, '683611', 'Student', 40, 1, 350, 10, '1', '2022-09-24 02:00:29'),
(398, '683611', 'Student', 45, 1, 351, 10, '1', '2022-09-24 02:00:29'),
(399, '683611', 'Teacher', 5, 1, 0, 30, '1', '2022-09-24 02:00:30'),
(400, '683611', 'Student', 124, 1, 353, 10, '1', '2022-09-24 02:03:35'),
(401, '683611', 'Student', 126, 1, 355, 10, '1', '2022-09-24 02:03:35'),
(402, '683611', 'Teacher', 2, 1, 0, 30, '1', '2022-09-24 02:03:45'),
(403, '683611', 'Student', 41, 1, 356, 10, '1', '2022-09-24 02:04:43'),
(404, '683611', 'Student', 46, 1, 357, 10, '1', '2022-09-24 02:04:43'),
(405, '683611', 'Teacher', 5, 1, 0, 30, '1', '2022-09-24 02:04:43'),
(406, '683611', 'Student', 124, 2, 41, 10, '1', '2022-09-24 02:05:23'),
(407, '683611', 'Student', 126, 2, 42, 10, '1', '2022-09-24 02:05:23'),
(408, '683611', 'Teacher', 2, 2, 0, 20, '1', '2022-09-24 02:05:24'),
(409, '683611', 'Student', 61, 1, 360, 10, '1', '2022-09-24 06:04:57'),
(410, '683611', 'Student', 62, 1, 361, 10, '1', '2022-09-24 06:04:57'),
(411, '683611', 'Teacher', 2, 1, 0, 30, '1', '2022-09-24 06:04:59'),
(412, '683611', 'Student', 27, 1, 363, 10, '1', '2022-09-24 15:27:14'),
(413, '683611', 'Student', 31, 1, 364, 10, '1', '2022-09-24 15:27:14'),
(414, '683611', 'Student', 32, 1, 365, 10, '1', '2022-09-24 15:27:14'),
(415, '683611', 'Student', 33, 1, 366, 10, '1', '2022-09-24 15:27:14'),
(416, '683611', 'Teacher', 2, 1, 0, 30, '1', '2022-09-24 15:27:18'),
(417, '683611', 'Student', 74, 1, 368, 10, '1', '2022-09-26 00:17:08'),
(418, '683611', 'Student', 75, 1, 369, 10, '1', '2022-09-26 00:17:08'),
(419, '683611', 'Teacher', 2, 1, 0, 30, '1', '2022-09-26 00:17:08'),
(420, '683611', 'Student', 27, 1, 370, 10, '1', '2022-09-26 10:05:30'),
(421, '683611', 'Student', 32, 1, 372, 10, '1', '2022-09-26 10:05:30'),
(422, '683611', 'Student', 33, 1, 373, 10, '1', '2022-09-26 10:05:30'),
(423, '683611', 'Teacher', 2, 1, 0, 30, '1', '2022-09-26 10:05:31'),
(424, '683611', 'Student', 27, 2, 43, 10, '1', '2022-09-26 12:07:43'),
(425, '683611', 'Student', 32, 2, 44, 10, '1', '2022-09-26 12:07:43'),
(426, '683611', 'Student', 33, 2, 45, 10, '1', '2022-09-26 12:07:43'),
(427, '683611', 'Teacher', 2, 2, 0, 20, '1', '2022-09-26 12:07:44'),
(428, '683611', 'Student', 16, 1, 374, 10, '1', '2022-09-27 02:40:38'),
(429, '683611', 'Student', 119, 1, 376, 10, '1', '2022-09-27 02:40:38'),
(430, '683611', 'Student', 120, 1, 377, 10, '1', '2022-09-27 02:40:38'),
(431, '683611', 'Student', 134, 1, 378, 10, '1', '2022-09-27 02:40:38'),
(432, '683611', 'Student', 136, 1, 380, 10, '1', '2022-09-27 02:40:38'),
(433, '683611', 'Student', 137, 1, 381, 10, '1', '2022-09-27 02:40:38'),
(434, '683611', 'Student', 138, 1, 382, 10, '1', '2022-09-27 02:40:38'),
(435, '683611', 'Student', 139, 1, 383, 10, '1', '2022-09-27 02:40:38'),
(436, '683611', 'Student', 141, 1, 385, 10, '1', '2022-09-27 02:40:38'),
(437, '683611', 'Student', 142, 1, 386, 10, '1', '2022-09-27 02:40:38'),
(438, '683611', 'Student', 144, 1, 388, 10, '1', '2022-09-27 02:40:38'),
(439, '683611', 'Student', 145, 1, 389, 10, '1', '2022-09-27 02:40:38'),
(440, '683611', 'Student', 146, 1, 390, 10, '1', '2022-09-27 02:40:38'),
(441, '683611', 'Student', 148, 1, 392, 10, '1', '2022-09-27 02:40:38'),
(442, '683611', 'Student', 150, 1, 393, 10, '1', '2022-09-27 02:40:38'),
(443, '683611', 'Student', 151, 1, 394, 10, '1', '2022-09-27 02:40:38'),
(444, '683611', 'Student', 155, 1, 398, 10, '1', '2022-09-27 02:40:38'),
(445, '683611', 'Student', 156, 1, 399, 10, '1', '2022-09-27 02:40:38'),
(446, '683611', 'Student', 157, 1, 400, 10, '1', '2022-09-27 02:40:38'),
(447, '683611', 'Student', 158, 1, 401, 10, '1', '2022-09-27 02:40:38'),
(448, '683611', 'Student', 160, 1, 403, 10, '1', '2022-09-27 02:40:38'),
(449, '683611', 'Student', 162, 1, 405, 10, '1', '2022-09-27 02:40:38'),
(450, '683611', 'Student', 163, 1, 406, 10, '1', '2022-09-27 02:40:38'),
(451, '683611', 'Student', 164, 1, 407, 10, '1', '2022-09-27 02:40:38'),
(452, '683611', 'Student', 166, 1, 409, 10, '1', '2022-09-27 02:40:38'),
(453, '683611', 'Teacher', 4, 1, 0, 30, '1', '2022-09-27 02:40:39'),
(454, '683611', 'Student', 127, 1, 410, 10, '1', '2022-09-27 08:23:16'),
(455, '683611', 'Teacher', 4, 1, 0, 30, '1', '2022-09-27 08:23:16'),
(456, '683611', 'Student', 121, 1, 413, 10, '1', '2022-09-27 14:27:04'),
(457, '683611', 'Student', 123, 1, 415, 10, '1', '2022-09-27 14:27:04'),
(458, '683611', 'Student', 131, 1, 416, 10, '1', '2022-09-27 14:27:04'),
(459, '683611', 'Teacher', 4, 1, 0, 30, '1', '2022-09-27 14:27:05'),
(460, '683611', 'Student', 67, 1, 417, 10, '1', '2022-09-28 02:21:03'),
(461, '683611', 'Teacher', 4, 1, 0, 30, '1', '2022-09-28 02:21:03'),
(462, '683611', 'Student', 67, 2, 46, 10, '1', '2022-09-28 02:21:43'),
(463, '683611', 'Teacher', 4, 2, 0, 20, '1', '2022-09-28 02:21:43'),
(464, '683611', 'Student', 50, 3, 31, 7, '1', '2022-09-28 02:24:23'),
(465, '683611', 'Teacher', 4, 3, 31, 12, '1', '2022-09-28 02:24:23'),
(466, '683611', 'Student', 121, 1, 420, 10, '1', '2022-09-28 07:51:43'),
(467, '683611', 'Student', 122, 1, 421, 10, '1', '2022-09-28 07:51:43'),
(468, '683611', 'Student', 123, 1, 422, 10, '1', '2022-09-28 07:51:43'),
(469, '683611', 'Student', 131, 1, 423, 10, '1', '2022-09-28 07:51:43'),
(470, '683611', 'Teacher', 4, 1, 0, 30, '1', '2022-09-28 07:51:43');

-- --------------------------------------------------------

--
-- Table structure for table `gift`
--

CREATE TABLE `gift` (
  `id` int(11) NOT NULL,
  `schoolUniqueCode` varchar(100) NOT NULL,
  `gift_name` varchar(100) NOT NULL,
  `gift_image` varchar(255) NOT NULL,
  `redeem_digiCoins` int(11) NOT NULL,
  `user_type` enum('1','2','3','4') NOT NULL,
  `status` enum('1','2','3','4') NOT NULL DEFAULT '1',
  `created_at` timestamp NOT NULL DEFAULT CURRENT_TIMESTAMP
) ENGINE=InnoDB DEFAULT CHARSET=latin1;

--
-- Dumping data for table `gift`
--

INSERT INTO `gift` (`id`, `schoolUniqueCode`, `gift_name`, `gift_image`, `redeem_digiCoins`, `user_type`, `status`, `created_at`) VALUES
(1, '683611', 'NoteBook', 'img-GIFT-41e3YGKg-3L.jpg', 2000, '1', '1', '2022-09-04 02:45:24'),
(2, '683611', 'NoteBook', 'img-GIFT-41e3YGKg-3L.jpg', 300, '2', '1', '2022-09-04 02:45:41'),
(3, '683611', 'Pencil Box', 'img-GIFT-61QVt3iITJL._SL1332_.jpg', 25, '2', '1', '2022-09-05 03:46:49'),
(4, '683611', 'Wallet', 'img-GIFT-71E1p7tcACL._SY450_.jpg', 1000, '2', '1', '2022-09-08 01:12:15'),
(5, '683611', 'Ladies Purse', 'img-GIFT-ladies-stylish-purse-500x500.jpg', 1500, '2', '1', '2022-09-08 01:12:31'),
(6, '683611', 'Belt', 'img-GIFT-71yHZH1535L._UX569_.jpg', 800, '2', '1', '2022-09-08 01:12:45'),
(7, '683611', 'Milk Mug', 'img-GIFT-1563118457552_0..jpg', 500, '2', '1', '2022-09-08 01:13:03'),
(8, '683611', 'Water Bottle', 'img-GIFT-gh-030222-best-water-bottles-1646239937.png', 700, '2', '1', '2022-09-08 01:13:20'),
(9, '683611', 'Amazing Pen', 'img-GIFT-0x0.jpg', 1000, '2', '1', '2022-09-08 01:13:38'),
(10, '683611', 'Award', 'img-GIFT-trophy-gold.png', 2500, '2', '1', '2022-09-08 01:13:53'),
(11, '683611', 'T-Shirt', 'img-GIFT-61yBCMmuI4L._UL1440_.jpg', 800, '2', '1', '2022-09-08 01:14:09'),
(12, '683611', 'Laptop', 'img-GIFT-lenovo-laptop-500x500.png', 1000, '2', '1', '2022-09-15 15:47:35');

-- --------------------------------------------------------

--
-- Table structure for table `home_work`
--

CREATE TABLE `home_work` (
  `id` int(11) NOT NULL,
  `schoolUniqueCode` varchar(100) NOT NULL,
  `login_user_id` int(11) NOT NULL,
  `login_user_type` varchar(100) NOT NULL,
  `class_id` int(11) NOT NULL,
  `section_id` int(11) NOT NULL,
  `subject_id` int(11) NOT NULL,
  `home_work_note` text NOT NULL,
  `home_work_date` date NOT NULL,
  `home_work_finish_date` date NOT NULL,
  `status` enum('1','2','3','4') NOT NULL DEFAULT '1',
  `created_at` timestamp NOT NULL DEFAULT CURRENT_TIMESTAMP
) ENGINE=InnoDB DEFAULT CHARSET=latin1;

--
-- Dumping data for table `home_work`
--

INSERT INTO `home_work` (`id`, `schoolUniqueCode`, `login_user_id`, `login_user_type`, `class_id`, `section_id`, `subject_id`, `home_work_note`, `home_work_date`, `home_work_finish_date`, `status`, `created_at`) VALUES
(1, '683611', 3, 'Teacher', 9, 2, 9, 'Learn the chapter 6 wala in english nhi hindi wala', '2022-09-03', '2022-09-05', '1', '2022-09-04 09:29:24'),
(2, '683611', 2, 'Teacher', 15, 2, 1, 'Have to learn chapter 4 & do all questions answers as well.', '2022-09-04', '2022-09-06', '1', '2022-09-04 16:47:50'),
(3, '683611', 2, 'Teacher', 14, 13, 5, 'Chapter 4 learn kar liyo', '2022-09-06', '2022-09-07', '1', '2022-09-06 13:52:38'),
(4, '683611', 2, 'Teacher', 14, 13, 8, 'jaldi exam de do', '2022-09-16', '2022-09-16', '1', '2022-09-16 10:49:01'),
(5, '683611', 2, 'Teacher', 6, 2, 2, 'Question & Answers For Chapter 5', '2022-09-18', '2022-09-19', '1', '2022-09-18 06:04:55'),
(6, '683611', 2, 'Teacher', 9, 2, 2, 'Learn All Question And Answers of chapter 5', '2022-09-20', '2022-09-21', '1', '2022-09-20 05:04:33'),
(7, '683611', 2, 'Teacher', 2, 1, 1, 'Question answe kar le', '2022-09-21', '2022-09-22', '1', '2022-09-21 08:06:18'),
(8, '683611', 2, 'Teacher', 3, 1, 2, 'English-do same as CW/HW', '2022-09-22', '2022-09-24', '1', '2022-09-21 10:38:13'),
(9, '683611', 11, 'Teacher', 2, 1, 1, 'Hindi', '2022-09-25', '2022-09-27', '1', '2022-09-22 09:31:47'),
(10, '683611', 4, 'Teacher', 4, 1, 1, 'chapter 5 test', '2022-09-29', '2022-09-30', '1', '2022-09-28 02:28:28');

-- --------------------------------------------------------

--
-- Table structure for table `month`
--

CREATE TABLE `month` (
  `id` int(11) NOT NULL,
  `monthName` varchar(100) NOT NULL,
  `status` enum('1','2') NOT NULL DEFAULT '1',
  `created_at` timestamp NOT NULL DEFAULT CURRENT_TIMESTAMP
) ENGINE=InnoDB DEFAULT CHARSET=utf8mb4;

--
-- Dumping data for table `month`
--

INSERT INTO `month` (`id`, `monthName`, `status`, `created_at`) VALUES
(1, 'January', '1', '2022-08-27 09:23:04'),
(2, 'February', '1', '2022-08-27 09:23:26'),
(3, 'March', '1', '2022-08-27 09:23:31'),
(4, 'April', '1', '2022-08-27 09:23:36'),
(5, 'May', '1', '2022-08-27 09:23:44'),
(6, 'June', '1', '2022-08-27 09:23:52'),
(7, 'July', '1', '2022-08-27 09:23:57'),
(8, 'August', '1', '2022-08-27 09:24:01'),
(9, 'September', '1', '2022-08-27 09:24:06'),
(10, 'October', '1', '2022-08-27 09:24:11'),
(11, 'November', '1', '2022-08-27 09:24:16'),
(12, 'December', '1', '2022-08-27 09:24:21');

-- --------------------------------------------------------

--
-- Table structure for table `panel_menu_permission`
--

CREATE TABLE `panel_menu_permission` (
  `id` int(11) NOT NULL,
  `schoolUniqueCode` varchar(100) NOT NULL,
  `user_id` int(11) NOT NULL,
  `user_type` varchar(100) NOT NULL,
  `permissions` json NOT NULL,
  `is_head` enum('1','2','3','4') DEFAULT NULL,
  `status` enum('1','2') NOT NULL DEFAULT '1',
  `created_at` timestamp NOT NULL DEFAULT CURRENT_TIMESTAMP
) ENGINE=InnoDB DEFAULT CHARSET=utf8mb4;

--
-- Dumping data for table `panel_menu_permission`
--

INSERT INTO `panel_menu_permission` (`id`, `schoolUniqueCode`, `user_id`, `user_type`, `permissions`, `is_head`, `status`, `created_at`) VALUES
(1, '683611', 3, 'Admin', '[\"2\", \"3\", \"5\", \"6\", \"13\", \"14\", \"16\", \"17\", \"18\", \"19\", \"20\", \"21\", \"22\", \"23\", \"24\", \"25\", \"30\", \"31\", \"28\", \"29\", \"32\", \"34\", \"35\"]', '1', '1', '2022-08-24 12:34:14'),
(2, '683611', 4, 'Staff', '[\"2\", \"3\", \"5\", \"6\", \"7\", \"8\", \"9\", \"10\", \"11\", \"13\", \"14\", \"16\", \"17\", \"18\", \"19\", \"20\", \"21\", \"22\", \"23\", \"24\", \"25\", \"26\", \"30\", \"31\", \"28\", \"29\"]', '1', '1', '2022-08-24 12:37:06'),
(3, '683611', 5, 'Principal', '[\"2\", \"3\", \"5\", \"6\", \"7\", \"8\", \"9\", \"10\", \"11\", \"13\", \"14\", \"16\", \"17\", \"18\", \"19\", \"20\", \"21\", \"22\", \"23\", \"24\", \"25\", \"26\", \"30\", \"31\", \"28\", \"29\"]', '1', '1', '2022-08-24 12:38:56'),
(4, '', 7, 'Staff', '[\"2\", \"3\", \"5\", \"6\", \"7\", \"8\", \"9\", \"10\", \"11\", \"13\", \"14\", \"16\", \"17\", \"18\", \"19\", \"20\", \"21\", \"22\", \"23\", \"24\", \"25\", \"26\", \"30\", \"31\", \"28\", \"29\"]', NULL, '1', '2022-08-24 12:49:40'),
(5, '', 8, 'Staff', '[\"2\", \"3\", \"5\", \"6\", \"7\", \"8\", \"9\", \"10\", \"11\", \"13\", \"14\", \"16\", \"17\", \"18\", \"19\", \"20\", \"21\", \"22\", \"23\", \"24\", \"25\", \"26\", \"30\", \"31\", \"28\", \"29\"]', NULL, '1', '2022-08-24 13:09:33'),
(6, '', 9, 'Admin', '[\"2\", \"3\", \"5\", \"6\", \"7\", \"8\", \"9\", \"10\", \"11\", \"13\", \"14\", \"16\", \"17\", \"18\", \"19\", \"20\", \"21\", \"22\", \"23\", \"24\", \"25\", \"26\", \"30\", \"31\", \"28\", \"29\"]', NULL, '1', '2022-08-25 02:33:46'),
(7, '', 10, 'Staff', '[\"2\", \"3\", \"5\", \"6\", \"7\", \"8\", \"9\", \"10\", \"11\", \"13\", \"14\", \"16\", \"17\", \"18\", \"19\", \"20\", \"21\", \"22\", \"23\", \"24\", \"25\", \"26\", \"30\", \"31\", \"28\", \"29\"]', NULL, '1', '2022-08-25 02:33:58'),
(8, '', 14, 'Principal', '[\"2\", \"3\", \"5\", \"6\", \"13\", \"14\", \"47\", \"16\", \"17\", \"18\", \"19\", \"20\", \"22\", \"23\", \"24\", \"25\", \"28\", \"39\", \"43\", \"32\", \"34\", \"35\", \"36\", \"37\", \"38\", \"29\", \"31\", \"41\", \"45\", \"46\", \"49\", \"50\", \"51\", \"53\"]', NULL, '1', '2022-08-25 02:51:10'),
(9, '973713', 0, 'Admin', '[\"2\", \"3\", \"5\", \"6\", \"7\", \"8\", \"9\", \"10\", \"11\", \"13\", \"14\", \"16\", \"17\", \"18\", \"19\", \"20\", \"21\", \"22\", \"23\", \"24\", \"25\", \"26\", \"30\", \"31\", \"28\", \"29\"]', '1', '1', '2022-08-28 08:40:33'),
(10, '973713', 0, 'Staff', '[\"2\", \"3\", \"5\", \"6\", \"7\", \"8\", \"9\", \"10\", \"11\", \"13\", \"14\", \"16\", \"17\", \"18\", \"19\", \"20\", \"21\", \"22\", \"23\", \"24\", \"25\", \"26\", \"30\", \"31\", \"28\", \"29\"]', '1', '1', '2022-08-28 08:40:33'),
(11, '973713', 0, 'Principal', '[\"2\", \"3\", \"5\", \"6\", \"7\", \"8\", \"9\", \"10\", \"11\", \"13\", \"14\", \"16\", \"17\", \"18\", \"19\", \"20\", \"21\", \"22\", \"23\", \"24\", \"25\", \"26\", \"30\", \"31\", \"28\", \"29\"]', '1', '1', '2022-08-28 08:40:33'),
(12, '973713', 16, 'Admin', '[\"2\", \"3\", \"5\", \"6\", \"7\", \"8\", \"9\", \"10\", \"11\", \"13\", \"14\", \"16\", \"17\", \"18\", \"19\", \"20\", \"21\", \"22\", \"23\", \"24\", \"25\", \"26\", \"30\", \"31\", \"28\", \"29\"]', NULL, '1', '2022-08-28 08:50:35'),
(13, '973713', 17, 'Admin', '[\"2\", \"3\", \"5\", \"6\", \"7\", \"8\", \"9\", \"10\", \"11\", \"13\", \"14\", \"16\", \"17\", \"18\", \"19\", \"20\", \"21\", \"22\", \"23\", \"24\", \"25\", \"26\", \"30\", \"31\", \"28\", \"29\"]', NULL, '1', '2022-08-28 09:47:47'),
(27, '467886', 32, 'Admin', '[\"2\", \"3\", \"5\", \"6\", \"7\", \"8\", \"9\", \"10\", \"11\", \"13\", \"14\", \"16\", \"17\", \"18\", \"19\", \"20\", \"21\", \"22\", \"23\", \"24\", \"25\", \"26\", \"30\", \"31\", \"28\", \"29\"]', '1', '1', '2022-08-28 13:26:22'),
(28, '467886', 33, 'Staff', '[\"2\", \"3\", \"5\", \"6\", \"7\", \"8\", \"9\", \"10\", \"11\", \"13\", \"14\", \"16\", \"17\", \"18\", \"19\", \"20\", \"21\", \"22\", \"23\", \"24\", \"25\", \"26\", \"30\", \"31\", \"28\", \"29\"]', '1', '1', '2022-08-28 13:26:22'),
(29, '467886', 34, 'Principal', '[\"2\", \"3\", \"5\", \"6\", \"7\", \"8\", \"9\", \"10\", \"11\", \"13\", \"14\", \"16\", \"17\", \"18\", \"19\", \"20\", \"21\", \"22\", \"23\", \"24\", \"25\", \"26\", \"30\", \"31\", \"28\", \"29\"]', '1', '1', '2022-08-28 13:26:22'),
(30, '467886', 35, 'Admin', '[\"2\", \"3\", \"5\", \"6\", \"7\", \"8\", \"9\", \"10\", \"11\", \"13\", \"14\", \"16\", \"17\", \"18\", \"19\", \"20\", \"21\", \"22\", \"23\", \"24\", \"25\", \"26\", \"30\", \"31\", \"28\", \"29\"]', NULL, '1', '2022-08-28 13:26:22'),
(31, '467886', 36, 'Admin', '[\"2\", \"3\", \"5\", \"6\", \"7\", \"8\", \"9\", \"10\", \"11\", \"13\", \"14\", \"16\", \"17\", \"18\", \"19\", \"20\", \"21\", \"22\", \"23\", \"24\", \"25\", \"26\", \"30\", \"31\", \"28\", \"29\"]', NULL, '1', '2022-08-28 13:31:15'),
(32, '219981', 37, 'Admin', '[\"2\", \"3\", \"5\", \"6\", \"7\", \"8\", \"9\", \"10\", \"11\", \"13\", \"14\", \"16\", \"17\", \"18\", \"19\", \"20\", \"21\", \"22\", \"23\", \"24\", \"25\", \"26\", \"30\", \"31\", \"28\", \"29\"]', '1', '1', '2022-08-28 13:45:57'),
(33, '219981', 38, 'Staff', '[\"2\", \"3\", \"5\", \"6\", \"7\", \"8\", \"9\", \"10\", \"11\", \"13\", \"14\", \"16\", \"17\", \"18\", \"19\", \"20\", \"21\", \"22\", \"23\", \"24\", \"25\", \"26\", \"30\", \"31\", \"28\", \"29\"]', '1', '1', '2022-08-28 13:45:57'),
(34, '219981', 39, 'Principal', '[\"2\", \"3\", \"5\", \"6\", \"7\", \"8\", \"9\", \"10\", \"11\", \"13\", \"14\", \"16\", \"17\", \"18\", \"19\", \"20\", \"21\", \"22\", \"23\", \"24\", \"25\", \"26\", \"30\", \"31\", \"28\", \"29\"]', '1', '1', '2022-08-28 13:45:57'),
(35, '219981', 40, 'Admin', '[\"2\", \"3\", \"5\", \"6\", \"7\", \"8\", \"9\", \"10\", \"11\", \"13\", \"14\", \"16\", \"17\", \"18\", \"19\", \"20\", \"21\", \"22\", \"23\", \"24\", \"25\", \"26\", \"30\", \"31\", \"28\", \"29\"]', NULL, '1', '2022-08-28 13:45:57'),
(36, '951166', 41, 'Admin', '[\"2\", \"3\", \"5\", \"6\", \"7\", \"8\", \"9\", \"10\", \"11\", \"13\", \"14\", \"16\", \"17\", \"18\", \"19\", \"20\", \"21\", \"22\", \"23\", \"24\", \"25\", \"26\", \"30\", \"31\", \"28\", \"29\"]', '1', '1', '2022-08-28 13:51:40'),
(37, '951166', 42, 'Staff', '[\"2\", \"3\", \"5\", \"6\", \"7\", \"8\", \"9\", \"10\", \"11\", \"13\", \"14\", \"16\", \"17\", \"18\", \"19\", \"20\", \"21\", \"22\", \"23\", \"24\", \"25\", \"26\", \"30\", \"31\", \"28\", \"29\"]', '1', '1', '2022-08-28 13:51:40'),
(38, '951166', 43, 'Principal', '[\"2\", \"3\", \"5\", \"6\", \"7\", \"8\", \"9\", \"10\", \"11\", \"13\", \"14\", \"16\", \"17\", \"18\", \"19\", \"20\", \"21\", \"22\", \"23\", \"24\", \"25\", \"26\", \"30\", \"31\", \"28\", \"29\"]', '1', '1', '2022-08-28 13:51:40'),
(39, '951166', 44, 'Admin', '[\"2\", \"3\", \"5\", \"6\", \"7\", \"8\", \"9\", \"10\", \"11\", \"13\", \"14\", \"16\", \"17\", \"18\", \"19\", \"20\", \"21\", \"22\", \"23\", \"24\", \"25\", \"26\", \"30\", \"31\", \"28\", \"29\"]', NULL, '1', '2022-08-28 13:51:40'),
(40, '965316', 45, 'Admin', '[\"2\", \"3\", \"5\", \"6\", \"7\", \"8\", \"9\", \"10\", \"11\", \"13\", \"14\", \"16\", \"17\", \"18\", \"19\", \"20\", \"21\", \"22\", \"23\", \"24\", \"25\", \"26\", \"30\", \"31\", \"28\", \"29\"]', '1', '1', '2022-08-28 14:21:26'),
(41, '965316', 46, 'Staff', '[\"2\", \"3\", \"5\", \"6\", \"7\", \"8\", \"9\", \"10\", \"11\", \"13\", \"14\", \"16\", \"17\", \"18\", \"19\", \"20\", \"21\", \"22\", \"23\", \"24\", \"25\", \"26\", \"30\", \"31\", \"28\", \"29\"]', '1', '1', '2022-08-28 14:21:26'),
(42, '965316', 47, 'Principal', '[\"2\", \"3\", \"5\", \"6\", \"7\", \"8\", \"9\", \"10\", \"11\", \"13\", \"14\", \"16\", \"17\", \"18\", \"19\", \"20\", \"21\", \"22\", \"23\", \"24\", \"25\", \"26\", \"30\", \"31\", \"28\", \"29\"]', '1', '1', '2022-08-28 14:21:26'),
(43, '965316', 48, 'Admin', '[\"2\", \"3\", \"5\", \"6\", \"7\", \"8\", \"9\", \"10\", \"11\", \"13\", \"14\", \"16\", \"17\", \"18\", \"19\", \"20\", \"21\", \"22\", \"23\", \"24\", \"25\", \"26\", \"30\", \"31\", \"28\", \"29\"]', NULL, '1', '2022-08-28 14:21:26'),
(44, '965316', 49, 'Staff', '[\"2\", \"3\", \"5\", \"6\", \"7\", \"8\", \"9\", \"10\", \"11\", \"13\", \"14\", \"16\", \"17\", \"18\", \"19\", \"20\", \"21\", \"22\", \"23\", \"24\", \"25\", \"26\", \"30\", \"31\", \"28\", \"29\"]', NULL, '1', '2022-08-28 14:45:58'),
(45, '491608', 50, 'Admin', '[\"2\", \"4\", \"5\", \"7\", \"8\", \"10\", \"11\", \"12\", \"13\", \"14\", \"15\", \"16\", \"17\", \"18\", \"19\", \"21\"]', '1', '1', '2022-08-30 03:33:14'),
(46, '491608', 51, 'Staff', '[\"2\", \"4\", \"7\", \"10\", \"11\", \"12\", \"13\", \"14\", \"16\"]', '1', '1', '2022-08-30 03:33:14'),
(47, '491608', 52, 'Principal', '[\"2\", \"4\", \"5\", \"7\", \"8\", \"10\", \"11\", \"12\", \"13\", \"14\", \"15\", \"16\", \"17\", \"18\", \"19\"]', '1', '1', '2022-08-30 03:33:14'),
(48, '491608', 53, 'Admin', '[\"2\", \"4\", \"5\", \"7\", \"8\", \"10\", \"11\", \"12\", \"13\", \"14\", \"15\", \"16\", \"17\", \"18\", \"19\", \"21\"]', NULL, '1', '2022-08-30 03:33:14'),
(49, '724212', 54, 'Admin', '[\"2\", \"3\", \"5\", \"6\", \"13\", \"14\", \"16\", \"17\", \"18\", \"19\", \"20\", \"21\", \"22\", \"23\", \"24\", \"25\", \"30\", \"31\", \"28\", \"29\", \"32\", \"34\", \"35\"]', '1', '1', '2022-09-03 13:48:43'),
(50, '724212', 55, 'Staff', '[\"2\", \"4\", \"7\", \"10\", \"11\", \"12\", \"13\", \"14\", \"16\"]', '1', '1', '2022-09-03 13:48:43'),
(51, '724212', 56, 'Principal', '[\"2\", \"4\", \"5\", \"7\", \"8\", \"10\", \"11\", \"12\", \"13\", \"14\", \"15\", \"16\", \"17\", \"18\", \"19\"]', '1', '1', '2022-09-03 13:48:43'),
(52, '724212', 57, 'Admin', '[\"2\", \"3\", \"5\", \"6\", \"13\", \"14\", \"16\", \"17\", \"18\", \"19\", \"20\", \"21\", \"22\", \"23\", \"24\", \"25\", \"30\", \"31\", \"28\", \"29\", \"32\", \"34\", \"35\"]', NULL, '1', '2022-09-03 13:48:43'),
(53, '945537', 58, 'Admin', '[\"2\", \"3\", \"5\", \"6\", \"13\", \"14\", \"16\", \"17\", \"18\", \"19\", \"20\", \"22\", \"23\", \"24\", \"25\", \"28\", \"39\", \"32\", \"34\", \"35\", \"36\", \"37\", \"38\", \"29\", \"31\", \"41\"]', '1', '1', '2022-09-18 02:18:57'),
(54, '945537', 59, 'Staff', '[\"2\", \"4\", \"7\", \"10\", \"11\", \"12\", \"13\", \"14\", \"16\"]', '1', '1', '2022-09-18 02:18:57'),
(55, '945537', 60, 'Principal', '[\"2\", \"3\", \"5\", \"6\", \"13\", \"14\", \"16\", \"17\", \"18\", \"19\", \"20\", \"22\", \"23\", \"24\", \"25\", \"28\", \"39\", \"32\", \"34\", \"35\", \"36\", \"37\", \"38\", \"29\", \"31\", \"41\"]', '1', '1', '2022-09-18 02:18:57'),
(56, '945537', 61, 'Admin', '[\"2\", \"3\", \"5\", \"6\", \"13\", \"14\", \"16\", \"17\", \"18\", \"19\", \"20\", \"22\", \"23\", \"24\", \"25\", \"28\", \"39\", \"32\", \"34\", \"35\", \"36\", \"37\", \"38\", \"29\", \"31\", \"41\"]', NULL, '1', '2022-09-18 02:18:57'),
(57, '945537', 62, 'Admin', '[\"2\", \"3\", \"5\", \"6\", \"13\", \"14\", \"16\", \"17\", \"18\", \"19\", \"20\", \"22\", \"23\", \"24\", \"25\", \"28\", \"39\", \"32\", \"34\", \"35\", \"36\", \"37\", \"38\", \"29\", \"31\", \"41\"]', '1', '1', '2022-09-18 02:20:03'),
(58, '945537', 63, 'Staff', '[\"2\", \"3\", \"5\", \"6\", \"13\", \"14\", \"16\", \"17\", \"18\", \"19\"]', '1', '1', '2022-09-18 02:20:03'),
(59, '945537', 64, 'Principal', '[\"2\", \"3\", \"5\", \"6\", \"13\", \"14\", \"16\", \"17\", \"18\", \"19\", \"20\", \"22\", \"23\", \"24\", \"25\", \"28\", \"39\", \"32\", \"34\", \"35\", \"36\", \"37\", \"38\", \"29\", \"31\", \"41\"]', '1', '1', '2022-09-18 02:20:03'),
(60, '945537', 65, 'Admin', '[\"2\", \"3\", \"5\", \"6\", \"13\", \"14\", \"16\", \"17\", \"18\", \"19\", \"20\", \"22\", \"23\", \"24\", \"25\", \"28\", \"39\", \"32\", \"34\", \"35\", \"36\", \"37\", \"38\", \"29\", \"31\", \"41\", \"42\"]', NULL, '1', '2022-09-18 02:20:03'),
(61, '683611', 66, 'Staff', '[\"2\", \"3\", \"5\", \"6\", \"7\", \"8\", \"9\", \"10\", \"11\", \"13\", \"14\", \"16\", \"17\", \"18\", \"19\", \"20\", \"21\", \"22\", \"23\", \"24\", \"25\", \"26\", \"30\", \"31\", \"28\", \"29\"]', NULL, '1', '2022-09-24 11:44:22'),
(62, '683611', 67, 'Staff', '[\"2\", \"3\", \"5\", \"6\", \"7\", \"8\", \"9\", \"10\", \"11\", \"13\", \"14\", \"16\", \"17\", \"18\", \"19\", \"20\", \"21\", \"22\", \"23\", \"24\", \"25\", \"26\", \"30\", \"31\", \"28\", \"29\"]', NULL, '1', '2022-09-27 15:42:55');

-- --------------------------------------------------------

--
-- Table structure for table `push_notification`
--

CREATE TABLE `push_notification` (
  `id` int(11) NOT NULL,
  `schoolUniqueCode` varchar(100) NOT NULL,
  `title` varchar(255) NOT NULL,
  `body` text NOT NULL,
  `device_type` varchar(100) NOT NULL,
  `status` enum('1','2') NOT NULL DEFAULT '1',
  `created_at` timestamp NOT NULL DEFAULT CURRENT_TIMESTAMP
) ENGINE=InnoDB DEFAULT CHARSET=utf8mb4;

--
-- Dumping data for table `push_notification`
--

INSERT INTO `push_notification` (`id`, `schoolUniqueCode`, `title`, `body`, `device_type`, `status`, `created_at`) VALUES
(1, '', 'We are waiting for you?', 'We have new exiting gifts for you in this seasons.', 'Web', '1', '2022-08-27 04:32:50'),
(2, '', 'test', 'you are invited', 'Web', '1', '2022-08-28 14:38:01'),
(3, '683611', 'Tommorow is Holiday', 'Hey, Dear Parents \r\nWe are celebrating a great occastion tommorow. so we have a holiday tommorow.\r\nThanks & Regards\r\nBaraut Public School', 'Web', '1', '2022-09-17 15:19:49'),
(4, '683611', 'Holiday Information', 'Hi Dear Parents, Today is Holiday.', 'Web', '1', '2022-09-23 01:19:43'),
(5, '683611', 'Hello Parents', 'Mai hu', 'Web', '1', '2022-09-23 01:28:09'),
(6, '683611', 'Hi, Hello ????', 'We are testing our notification system please ignore the notification ????', 'Web', '1', '2022-09-24 14:02:27');

-- --------------------------------------------------------

--
-- Table structure for table `qrcode_drivers`
--

CREATE TABLE `qrcode_drivers` (
  `id` int(11) NOT NULL,
  `schoolUniqueCode` varchar(100) NOT NULL,
  `qrcodeUrl` varchar(255) NOT NULL,
  `uniqueValue` varchar(255) NOT NULL,
  `qrcodeJson` json DEFAULT NULL,
  `type` varchar(100) DEFAULT NULL,
  `user_id` varchar(255) DEFAULT NULL,
  `status` enum('1','2','3','4') NOT NULL DEFAULT '1',
  `created_at` timestamp NOT NULL DEFAULT CURRENT_TIMESTAMP
) ENGINE=InnoDB DEFAULT CHARSET=utf8mb4;

--
-- Dumping data for table `qrcode_drivers`
--

INSERT INTO `qrcode_drivers` (`id`, `schoolUniqueCode`, `qrcodeUrl`, `uniqueValue`, `qrcodeJson`, `type`, `user_id`, `status`, `created_at`) VALUES
(1, '683611', 'https://qverify.in?driid=dvm-dri00001', 'dri00001', NULL, '7', '1', '1', '2022-09-23 14:08:23'),
(2, '683611', 'https://qverify.in?driid=dvm-dri00002', 'dri00002', NULL, '7', '2', '1', '2022-09-25 10:45:32'),
(3, '683611', 'https://qverify.in?driid=dvm-dri00003', 'dri00003', NULL, '7', '3', '1', '2022-09-25 12:05:30'),
(4, '683611', 'https://qverify.in?driid=dvm-dri00004', 'dri00004', NULL, '7', '4', '1', '2022-09-25 14:27:05'),
(5, '683611', 'https://qverify.in?driid=dvm-dri00005', 'dri00005', NULL, '7', '5', '1', '2022-09-26 01:37:56'),
(6, '683611', 'https://qverify.in?driid=dvm-dri00006', 'dri00006', NULL, '7', '6', '1', '2022-09-26 01:46:29'),
(7, '683611', 'https://qverify.in?driid=dvm-dri00005', 'dri00005', NULL, '7', '8', '1', '2022-09-26 01:53:50'),
(8, '683611', 'https://qverify.in?driid=dvm-dri00006', 'dri00006', NULL, '7', '9', '1', '2022-09-26 01:55:18'),
(9, '683611', 'https://qverify.in?driid=dvm-dri00007', 'dri00007', NULL, '7', '10', '1', '2022-09-27 15:39:05');

-- --------------------------------------------------------

--
-- Table structure for table `qrcode_schools`
--

CREATE TABLE `qrcode_schools` (
  `id` int(11) NOT NULL,
  `schoolUniqueCode` varchar(100) NOT NULL,
  `qrcodeUrl` varchar(255) NOT NULL,
  `uniqueValue` varchar(255) NOT NULL,
  `qrcodeJson` json DEFAULT NULL,
  `type` varchar(100) DEFAULT NULL,
  `user_id` varchar(255) DEFAULT NULL,
  `status` enum('1','2','3','4') NOT NULL DEFAULT '1',
  `created_at` timestamp NOT NULL DEFAULT CURRENT_TIMESTAMP
) ENGINE=InnoDB DEFAULT CHARSET=utf8mb4;

--
-- Dumping data for table `qrcode_schools`
--

INSERT INTO `qrcode_schools` (`id`, `schoolUniqueCode`, `qrcodeUrl`, `uniqueValue`, `qrcodeJson`, `type`, `user_id`, `status`, `created_at`) VALUES
(15, '', 'https://qverify.in?schid=dvm-683611', '683611', NULL, '5', '1', '1', '2022-08-28 03:06:55'),
(16, '', 'https://qverify.in?schid=dvm-427695', '427695', NULL, '5', '2', '1', '2022-08-28 03:09:29'),
(17, '973713', 'https://qverify.in?schid=dvm-973713', '973713', NULL, '5', '3', '1', '2022-08-28 08:40:33'),
(18, '467886', 'https://qverify.in?schid=dvm-467886', '467886', NULL, '5', '4', '1', '2022-08-28 10:34:12'),
(19, '219981', 'https://qverify.in?schid=dvm-219981', '219981', NULL, '5', '5', '1', '2022-08-28 13:44:18'),
(20, '951166', 'https://qverify.in?schid=dvm-951166', '951166', NULL, '5', '6', '1', '2022-08-28 13:50:47'),
(21, '965316', 'https://qverify.in?schid=dvm-965316', '965316', NULL, '5', '7', '1', '2022-08-28 14:18:59'),
(22, '491608', 'https://qverify.in?schid=dvm-491608', '491608', NULL, '5', '8', '1', '2022-08-30 03:32:05'),
(23, '724212', 'https://qverify.in?schid=dvm-724212', '724212', NULL, '5', '9', '1', '2022-09-03 13:46:25'),
(24, '945537', 'https://qverify.in?schid=dvm-945537', '945537', NULL, '5', '10', '1', '2022-09-18 02:18:05');

-- --------------------------------------------------------

--
-- Table structure for table `qrcode_students`
--

CREATE TABLE `qrcode_students` (
  `id` int(11) NOT NULL,
  `schoolUniqueCode` varchar(100) NOT NULL,
  `qrcodeUrl` varchar(255) NOT NULL,
  `uniqueValue` varchar(255) NOT NULL,
  `qrcodeJson` json DEFAULT NULL,
  `type` varchar(100) DEFAULT NULL,
  `user_id` varchar(255) DEFAULT NULL,
  `status` enum('1','2','3','4') NOT NULL DEFAULT '1',
  `created_at` timestamp NOT NULL DEFAULT CURRENT_TIMESTAMP
) ENGINE=InnoDB DEFAULT CHARSET=utf8mb4;

--
-- Dumping data for table `qrcode_students`
--

INSERT INTO `qrcode_students` (`id`, `schoolUniqueCode`, `qrcodeUrl`, `uniqueValue`, `qrcodeJson`, `type`, `user_id`, `status`, `created_at`) VALUES
(6, '683611', 'https://qverify.in?stuid=dvm-stu00001', 'stu00001', NULL, '1', '13', '1', '2022-08-12 12:10:13'),
(7, '683611', 'https://qverify.in?stuid=dvm-stu00002', 'stu00002', NULL, '1', '14', '1', '2022-08-13 02:18:41'),
(8, '683611', 'https://qverify.in?stuid=dvm-stu00003', 'stu00003', NULL, '1', '15', '1', '2022-08-13 04:07:55'),
(12, '683611', 'https://qverify.in?stuid=dvm-stu00004', 'stu00004', NULL, '1', '17', '1', '2022-08-15 04:14:45'),
(13, '683611', 'https://qverify.in?stuid=dvm-stu00005', 'stu00005', NULL, '1', '18', '1', '2022-08-26 10:39:49'),
(14, '683611', 'https://qverify.in?stuid=dvm-stu00006', 'stu00006', NULL, '1', '19', '1', '2022-08-26 10:40:25'),
(15, '683611', 'https://qverify.in?stuid=dvm-stu00006', 'stu00006', NULL, '1', '20', '1', '2022-08-28 04:04:42'),
(16, '951166', 'https://qverify.in?stuid=dvm-stu00007', 'stu00007', NULL, '1', '21', '1', '2022-08-28 13:58:18'),
(17, '965316', 'https://qverify.in?stuid=dvm-stu00008', 'stu00008', NULL, '1', '22', '1', '2022-08-28 14:25:22'),
(18, '965316', 'https://qverify.in?stuid=dvm-stu00009', 'stu00009', NULL, '1', '23', '1', '2022-08-28 14:27:05'),
(19, '963852', 'https://qverify.in?stuid=dvm-stu000010', 'stu000010', NULL, '1', '24', '1', '2022-08-29 12:41:18'),
(20, '724212', 'https://qverify.in?stuid=dvm-stu000011', 'stu000011', NULL, '1', '25', '1', '2022-09-03 14:13:45'),
(21, '724212', 'https://qverify.in?stuid=dvm-stu000012', 'stu000012', NULL, '1', '26', '1', '2022-09-03 14:16:53'),
(22, '683611', 'https://qverify.in?stuid=dvm-stu000013', 'stu000013', NULL, '1', '27', '1', '2022-09-07 02:35:54'),
(23, '965316', 'https://qverify.in?stuid=dvm-stu000014', 'stu000014', NULL, '1', '28', '1', '2022-09-11 13:50:38'),
(24, '965316', 'https://qverify.in?stuid=dvm-stu000015', 'stu000015', NULL, '1', '29', '1', '2022-09-11 13:51:46'),
(25, '683611', 'https://qverify.in?stuid=dvm-stu000016', 'stu000016', NULL, '1', '30', '1', '2022-09-15 07:00:44'),
(26, '683611', 'https://qverify.in?stuid=dvm-stu000017', 'stu000017', NULL, '1', '31', '1', '2022-09-15 07:01:07'),
(27, '683611', 'https://qverify.in?stuid=dvm-stu000018', 'stu000018', NULL, '1', '32', '1', '2022-09-15 07:02:21'),
(28, '683611', 'https://qverify.in?stuid=dvm-stu000019', 'stu000019', NULL, '1', '33', '1', '2022-09-15 07:02:49'),
(29, '683611', 'https://qverify.in?stuid=dvm-stu000020', 'stu000020', NULL, '1', '34', '1', '2022-09-15 07:03:25'),
(30, '683611', 'https://qverify.in?stuid=dvm-stu000021', 'stu000021', NULL, '1', '35', '1', '2022-09-15 07:04:16'),
(31, '683611', 'https://qverify.in?stuid=dvm-stu000022', 'stu000022', NULL, '1', '36', '1', '2022-09-15 07:04:38'),
(32, '683611', 'https://qverify.in?stuid=dvm-stu000023', 'stu000023', NULL, '1', '37', '1', '2022-09-15 07:05:08'),
(33, '683611', 'https://qverify.in?stuid=dvm-stu000024', 'stu000024', NULL, '1', '38', '1', '2022-09-15 07:05:35'),
(34, '683611', 'https://qverify.in?stuid=dvm-stu000025', 'stu000025', NULL, '1', '39', '1', '2022-09-15 07:07:10'),
(35, '683611', 'https://qverify.in?stuid=dvm-stu000026', 'stu000026', NULL, '1', '40', '1', '2022-09-15 07:07:31'),
(36, '683611', 'https://qverify.in?stuid=dvm-stu000027', 'stu000027', NULL, '1', '41', '1', '2022-09-15 07:07:48'),
(37, '683611', 'https://qverify.in?stuid=dvm-stu000028', 'stu000028', NULL, '1', '42', '1', '2022-09-15 07:08:46'),
(38, '683611', 'https://qverify.in?stuid=dvm-stu000029', 'stu000029', NULL, '1', '43', '1', '2022-09-15 07:09:13'),
(39, '683611', 'https://qverify.in?stuid=dvm-stu000030', 'stu000030', NULL, '1', '44', '1', '2022-09-15 07:09:36'),
(40, '683611', 'https://qverify.in?stuid=dvm-stu000031', 'stu000031', NULL, '1', '45', '1', '2022-09-15 07:09:57'),
(41, '683611', 'https://qverify.in?stuid=dvm-stu000032', 'stu000032', NULL, '1', '46', '1', '2022-09-15 07:10:17'),
(42, '683611', 'https://qverify.in?stuid=dvm-stu000033', 'stu000033', NULL, '1', '47', '1', '2022-09-15 07:10:34'),
(43, '683611', 'https://qverify.in?stuid=dvm-stu000034', 'stu000034', NULL, '1', '48', '1', '2022-09-15 07:10:54'),
(44, '683611', 'https://qverify.in?stuid=dvm-stu000035', 'stu000035', NULL, '1', '49', '1', '2022-09-15 07:11:23'),
(45, '683611', 'https://qverify.in?stuid=dvm-stu000036', 'stu000036', NULL, '1', '50', '1', '2022-09-15 07:11:43'),
(46, '683611', 'https://qverify.in?stuid=dvm-stu000037', 'stu000037', NULL, '1', '51', '1', '2022-09-15 07:12:01'),
(47, '683611', 'https://qverify.in?stuid=dvm-stu000038', 'stu000038', NULL, '1', '52', '1', '2022-09-15 07:12:18'),
(48, '683611', 'https://qverify.in?stuid=dvm-stu000039', 'stu000039', NULL, '1', '53', '1', '2022-09-15 07:12:37'),
(49, '683611', 'https://qverify.in?stuid=dvm-stu000040', 'stu000040', NULL, '1', '54', '1', '2022-09-15 07:12:57'),
(50, '683611', 'https://qverify.in?stuid=dvm-stu000041', 'stu000041', NULL, '1', '55', '1', '2022-09-15 07:13:15'),
(51, '683611', 'https://qverify.in?stuid=dvm-stu000042', 'stu000042', NULL, '1', '56', '1', '2022-09-15 07:13:35'),
(52, '683611', 'https://qverify.in?stuid=dvm-stu000043', 'stu000043', NULL, '1', '57', '1', '2022-09-15 07:13:52'),
(53, '683611', 'https://qverify.in?stuid=dvm-stu000044', 'stu000044', NULL, '1', '58', '1', '2022-09-15 07:14:09'),
(54, '683611', 'https://qverify.in?stuid=dvm-stu000045', 'stu000045', NULL, '1', '59', '1', '2022-09-15 07:14:27'),
(55, '683611', 'https://qverify.in?stuid=dvm-stu000046', 'stu000046', NULL, '1', '60', '1', '2022-09-15 07:14:43'),
(56, '683611', 'https://qverify.in?stuid=dvm-stu000047', 'stu000047', NULL, '1', '61', '1', '2022-09-15 07:15:12'),
(57, '683611', 'https://qverify.in?stuid=dvm-stu000048', 'stu000048', NULL, '1', '62', '1', '2022-09-15 07:15:30'),
(58, '683611', 'https://qverify.in?stuid=dvm-stu000049', 'stu000049', NULL, '1', '63', '1', '2022-09-15 07:15:46'),
(59, '683611', 'https://qverify.in?stuid=dvm-stu000050', 'stu000050', NULL, '1', '64', '1', '2022-09-15 07:16:02'),
(60, '683611', 'https://qverify.in?stuid=dvm-stu000051', 'stu000051', NULL, '1', '65', '1', '2022-09-15 07:16:21'),
(61, '683611', 'https://qverify.in?stuid=dvm-stu000052', 'stu000052', NULL, '1', '66', '1', '2022-09-15 07:16:39'),
(62, '683611', 'https://qverify.in?stuid=dvm-stu000053', 'stu000053', NULL, '1', '67', '1', '2022-09-15 07:17:09'),
(63, '683611', 'https://qverify.in?stuid=dvm-stu000054', 'stu000054', NULL, '1', '68', '1', '2022-09-15 07:17:28'),
(64, '683611', 'https://qverify.in?stuid=dvm-stu000055', 'stu000055', NULL, '1', '69', '1', '2022-09-15 07:17:47'),
(65, '683611', 'https://qverify.in?stuid=dvm-stu000056', 'stu000056', NULL, '1', '70', '1', '2022-09-15 07:18:13'),
(66, '683611', 'https://qverify.in?stuid=dvm-stu000057', 'stu000057', NULL, '1', '71', '1', '2022-09-15 07:18:53'),
(67, '683611', 'https://qverify.in?stuid=dvm-stu000058', 'stu000058', NULL, '1', '72', '1', '2022-09-15 07:19:11'),
(68, '683611', 'https://qverify.in?stuid=dvm-stu000059', 'stu000059', NULL, '1', '73', '1', '2022-09-15 07:19:28'),
(69, '683611', 'https://qverify.in?stuid=dvm-stu000060', 'stu000060', NULL, '1', '74', '1', '2022-09-15 07:19:45'),
(70, '683611', 'https://qverify.in?stuid=dvm-stu000061', 'stu000061', NULL, '1', '75', '1', '2022-09-15 07:20:05'),
(71, '683611', 'https://qverify.in?stuid=dvm-stu000062', 'stu000062', NULL, '1', '76', '1', '2022-09-15 07:20:23'),
(72, '683611', 'https://qverify.in?stuid=dvm-stu000063', 'stu000063', NULL, '1', '77', '1', '2022-09-15 07:20:42'),
(73, '683611', 'https://qverify.in?stuid=dvm-stu000064', 'stu000064', NULL, '1', '78', '1', '2022-09-15 07:21:03'),
(74, '683611', 'https://qverify.in?stuid=dvm-stu000065', 'stu000065', NULL, '1', '79', '1', '2022-09-15 07:21:24'),
(75, '683611', 'https://qverify.in?stuid=dvm-stu000066', 'stu000066', NULL, '1', '80', '1', '2022-09-15 07:22:22'),
(76, '683611', 'https://qverify.in?stuid=dvm-stu000067', 'stu000067', NULL, '1', '81', '1', '2022-09-15 07:22:42'),
(77, '683611', 'https://qverify.in?stuid=dvm-stu000068', 'stu000068', NULL, '1', '82', '1', '2022-09-15 07:23:01'),
(78, '683611', 'https://qverify.in?stuid=dvm-stu000069', 'stu000069', NULL, '1', '83', '1', '2022-09-15 07:23:23'),
(79, '683611', 'https://qverify.in?stuid=dvm-stu000070', 'stu000070', NULL, '1', '84', '1', '2022-09-15 07:23:48'),
(80, '683611', 'https://qverify.in?stuid=dvm-stu000071', 'stu000071', NULL, '1', '85', '1', '2022-09-15 07:24:10'),
(81, '683611', 'https://qverify.in?stuid=dvm-stu000072', 'stu000072', NULL, '1', '86', '1', '2022-09-15 07:24:29'),
(82, '683611', 'https://qverify.in?stuid=dvm-stu000073', 'stu000073', NULL, '1', '87', '1', '2022-09-15 07:24:53'),
(83, '683611', 'https://qverify.in?stuid=dvm-stu000074', 'stu000074', NULL, '1', '88', '1', '2022-09-15 07:25:10'),
(84, '683611', 'https://qverify.in?stuid=dvm-stu000075', 'stu000075', NULL, '1', '89', '1', '2022-09-15 07:25:31'),
(85, '683611', 'https://qverify.in?stuid=dvm-stu000076', 'stu000076', NULL, '1', '90', '1', '2022-09-15 07:25:50'),
(86, '683611', 'https://qverify.in?stuid=dvm-stu000077', 'stu000077', NULL, '1', '91', '1', '2022-09-15 07:27:22'),
(87, '683611', 'https://qverify.in?stuid=dvm-stu000078', 'stu000078', NULL, '1', '92', '1', '2022-09-15 07:27:43'),
(88, '683611', 'https://qverify.in?stuid=dvm-stu000079', 'stu000079', NULL, '1', '93', '1', '2022-09-15 07:28:02'),
(89, '683611', 'https://qverify.in?stuid=dvm-stu000080', 'stu000080', NULL, '1', '94', '1', '2022-09-15 07:28:21'),
(90, '683611', 'https://qverify.in?stuid=dvm-stu000081', 'stu000081', NULL, '1', '95', '1', '2022-09-15 07:28:38'),
(91, '683611', 'https://qverify.in?stuid=dvm-stu000082', 'stu000082', NULL, '1', '96', '1', '2022-09-15 07:28:57'),
(92, '683611', 'https://qverify.in?stuid=dvm-stu000083', 'stu000083', NULL, '1', '97', '1', '2022-09-15 07:29:18'),
(93, '683611', 'https://qverify.in?stuid=dvm-stu000084', 'stu000084', NULL, '1', '98', '1', '2022-09-15 07:29:36'),
(94, '683611', 'https://qverify.in?stuid=dvm-stu000085', 'stu000085', NULL, '1', '99', '1', '2022-09-15 07:29:57'),
(95, '683611', 'https://qverify.in?stuid=dvm-stu000086', 'stu000086', NULL, '1', '100', '1', '2022-09-15 07:30:18'),
(96, '683611', 'https://qverify.in?stuid=dvm-stu000087', 'stu000087', NULL, '1', '101', '1', '2022-09-15 07:30:42'),
(97, '683611', 'https://qverify.in?stuid=dvm-stu000088', 'stu000088', NULL, '1', '102', '1', '2022-09-15 07:31:04'),
(98, '683611', 'https://qverify.in?stuid=dvm-stu000089', 'stu000089', NULL, '1', '103', '1', '2022-09-15 07:31:24'),
(99, '683611', 'https://qverify.in?stuid=dvm-stu000090', 'stu000090', NULL, '1', '104', '1', '2022-09-15 07:31:45'),
(100, '683611', 'https://qverify.in?stuid=dvm-stu000091', 'stu000091', NULL, '1', '105', '1', '2022-09-15 07:32:05'),
(101, '683611', 'https://qverify.in?stuid=dvm-stu000092', 'stu000092', NULL, '1', '106', '1', '2022-09-15 07:32:28'),
(102, '683611', 'https://qverify.in?stuid=dvm-stu000093', 'stu000093', NULL, '1', '107', '1', '2022-09-15 07:32:46'),
(103, '683611', 'https://qverify.in?stuid=dvm-stu000094', 'stu000094', NULL, '1', '108', '1', '2022-09-15 07:33:09'),
(104, '683611', 'https://qverify.in?stuid=dvm-stu000095', 'stu000095', NULL, '1', '109', '1', '2022-09-15 07:34:02'),
(105, '683611', 'https://qverify.in?stuid=dvm-stu000096', 'stu000096', NULL, '1', '110', '1', '2022-09-15 07:34:21'),
(106, '683611', 'https://qverify.in?stuid=dvm-stu000097', 'stu000097', NULL, '1', '111', '1', '2022-09-15 07:34:36'),
(107, '683611', 'https://qverify.in?stuid=dvm-stu000098', 'stu000098', NULL, '1', '112', '1', '2022-09-15 07:34:56'),
(108, '683611', 'https://qverify.in?stuid=dvm-stu000099', 'stu000099', NULL, '1', '113', '1', '2022-09-15 07:35:13'),
(109, '683611', 'https://qverify.in?stuid=dvm-stu0000100', 'stu0000100', NULL, '1', '114', '1', '2022-09-15 07:35:30'),
(110, '683611', 'https://qverify.in?stuid=dvm-stu0000101', 'stu0000101', NULL, '1', '115', '1', '2022-09-15 07:35:49'),
(111, '683611', 'https://qverify.in?stuid=dvm-stu0000102', 'stu0000102', NULL, '1', '116', '1', '2022-09-15 07:36:08'),
(112, '683611', 'https://qverify.in?stuid=dvm-stu0000103', 'stu0000103', NULL, '1', '117', '1', '2022-09-15 07:36:26'),
(113, '683611', 'https://qverify.in?stuid=dvm-stu0000104', 'stu0000104', NULL, '1', '118', '1', '2022-09-15 07:36:45'),
(114, '683611', 'https://qverify.in?stuid=dvm-stu0000105', 'stu0000105', NULL, '1', '119', '1', '2022-09-15 07:37:00'),
(115, '683611', 'https://qverify.in?stuid=dvm-stu0000106', 'stu0000106', NULL, '1', '120', '1', '2022-09-15 07:37:17'),
(116, '683611', 'https://qverify.in?stuid=dvm-stu0000107', 'stu0000107', NULL, '1', '121', '1', '2022-09-15 07:37:35'),
(117, '683611', 'https://qverify.in?stuid=dvm-stu0000108', 'stu0000108', NULL, '1', '122', '1', '2022-09-15 07:37:58'),
(118, '683611', 'https://qverify.in?stuid=dvm-stu0000109', 'stu0000109', NULL, '1', '123', '1', '2022-09-15 07:38:58'),
(119, '683611', 'https://qverify.in?stuid=dvm-stu0000110', 'stu0000110', NULL, '1', '124', '1', '2022-09-15 07:39:58'),
(120, '683611', 'https://qverify.in?stuid=dvm-stu0000111', 'stu0000111', NULL, '1', '125', '1', '2022-09-15 07:45:34'),
(121, '683611', 'https://qverify.in?stuid=dvm-stu0000112', 'stu0000112', NULL, '1', '126', '1', '2022-09-15 07:45:53'),
(122, '683611', 'https://qverify.in?stuid=dvm-stu0000113', 'stu0000113', NULL, '1', '127', '1', '2022-09-15 07:46:11'),
(123, '683611', 'https://qverify.in?stuid=dvm-stu0000114', 'stu0000114', NULL, '1', '128', '1', '2022-09-15 07:46:31'),
(124, '683611', 'https://qverify.in?stuid=dvm-stu0000115', 'stu0000115', NULL, '1', '129', '1', '2022-09-15 09:54:56'),
(125, '683611', 'https://qverify.in?stuid=dvm-stu0000116', 'stu0000116', NULL, '1', '130', '1', '2022-09-15 09:55:17'),
(126, '683611', 'https://qverify.in?stuid=dvm-stu0000117', 'stu0000117', NULL, '1', '131', '1', '2022-09-15 09:55:41'),
(127, '683611', 'https://qverify.in?stuid=dvm-stu0000118', 'stu0000118', NULL, '1', '132', '1', '2022-09-15 09:56:01'),
(128, '683611', 'https://qverify.in?stuid=dvm-stu0000119', 'stu0000119', NULL, '1', '133', '1', '2022-09-15 09:57:02'),
(129, '683611', 'https://qverify.in?stuid=dvm-stu0000120', 'stu0000120', NULL, '1', '134', '1', '2022-09-15 09:58:26'),
(130, '683611', 'https://qverify.in?stuid=dvm-stu0000121', 'stu0000121', NULL, '1', '135', '1', '2022-09-15 09:59:20'),
(131, '683611', 'https://qverify.in?stuid=dvm-stu0000122', 'stu0000122', NULL, '1', '136', '1', '2022-09-15 10:00:25'),
(132, '683611', 'https://qverify.in?stuid=dvm-stu0000123', 'stu0000123', NULL, '1', '137', '1', '2022-09-15 10:00:46'),
(133, '683611', 'https://qverify.in?stuid=dvm-stu0000124', 'stu0000124', NULL, '1', '138', '1', '2022-09-15 10:01:04'),
(134, '683611', 'https://qverify.in?stuid=dvm-stu0000125', 'stu0000125', NULL, '1', '139', '1', '2022-09-15 10:01:20'),
(135, '683611', 'https://qverify.in?stuid=dvm-stu0000126', 'stu0000126', NULL, '1', '140', '1', '2022-09-15 10:01:36'),
(136, '683611', 'https://qverify.in?stuid=dvm-stu0000127', 'stu0000127', NULL, '1', '141', '1', '2022-09-15 10:01:55'),
(137, '683611', 'https://qverify.in?stuid=dvm-stu0000128', 'stu0000128', NULL, '1', '142', '1', '2022-09-15 10:02:15'),
(138, '683611', 'https://qverify.in?stuid=dvm-stu0000129', 'stu0000129', NULL, '1', '143', '1', '2022-09-15 10:02:36'),
(139, '683611', 'https://qverify.in?stuid=dvm-stu0000130', 'stu0000130', NULL, '1', '144', '1', '2022-09-15 10:02:52'),
(140, '683611', 'https://qverify.in?stuid=dvm-stu0000131', 'stu0000131', NULL, '1', '145', '1', '2022-09-15 10:03:09'),
(141, '683611', 'https://qverify.in?stuid=dvm-stu0000132', 'stu0000132', NULL, '1', '146', '1', '2022-09-15 10:03:28'),
(142, '683611', 'https://qverify.in?stuid=dvm-stu0000133', 'stu0000133', NULL, '1', '147', '1', '2022-09-15 10:04:00'),
(143, '683611', 'https://qverify.in?stuid=dvm-stu0000134', 'stu0000134', NULL, '1', '148', '1', '2022-09-15 10:05:07'),
(144, '683611', 'https://qverify.in?stuid=dvm-stu0000135', 'stu0000135', NULL, '1', '149', '1', '2022-09-15 10:05:20'),
(145, '683611', 'https://qverify.in?stuid=dvm-stu0000136', 'stu0000136', NULL, '1', '150', '1', '2022-09-15 10:05:41'),
(146, '683611', 'https://qverify.in?stuid=dvm-stu0000137', 'stu0000137', NULL, '1', '151', '1', '2022-09-15 10:05:57'),
(147, '683611', 'https://qverify.in?stuid=dvm-stu0000138', 'stu0000138', NULL, '1', '152', '1', '2022-09-15 10:06:15'),
(148, '683611', 'https://qverify.in?stuid=dvm-stu0000139', 'stu0000139', NULL, '1', '153', '1', '2022-09-15 10:06:31'),
(149, '683611', 'https://qverify.in?stuid=dvm-stu0000140', 'stu0000140', NULL, '1', '154', '1', '2022-09-15 10:06:48'),
(150, '683611', 'https://qverify.in?stuid=dvm-stu0000141', 'stu0000141', NULL, '1', '155', '1', '2022-09-15 10:07:07'),
(151, '683611', 'https://qverify.in?stuid=dvm-stu0000142', 'stu0000142', NULL, '1', '156', '1', '2022-09-15 10:07:23'),
(152, '683611', 'https://qverify.in?stuid=dvm-stu0000143', 'stu0000143', NULL, '1', '157', '1', '2022-09-15 10:07:40'),
(153, '683611', 'https://qverify.in?stuid=dvm-stu0000144', 'stu0000144', NULL, '1', '158', '1', '2022-09-15 10:08:01'),
(154, '683611', 'https://qverify.in?stuid=dvm-stu0000145', 'stu0000145', NULL, '1', '159', '1', '2022-09-15 10:10:53'),
(155, '683611', 'https://qverify.in?stuid=dvm-stu0000146', 'stu0000146', NULL, '1', '160', '1', '2022-09-15 10:11:09'),
(156, '683611', 'https://qverify.in?stuid=dvm-stu0000147', 'stu0000147', NULL, '1', '161', '1', '2022-09-15 10:11:24'),
(157, '683611', 'https://qverify.in?stuid=dvm-stu0000148', 'stu0000148', NULL, '1', '162', '1', '2022-09-15 10:11:39'),
(158, '683611', 'https://qverify.in?stuid=dvm-stu0000149', 'stu0000149', NULL, '1', '163', '1', '2022-09-15 10:11:53'),
(159, '683611', 'https://qverify.in?stuid=dvm-stu0000150', 'stu0000150', NULL, '1', '164', '1', '2022-09-15 10:12:08'),
(160, '683611', 'https://qverify.in?stuid=dvm-stu0000151', 'stu0000151', NULL, '1', '165', '1', '2022-09-15 10:12:23'),
(161, '683611', 'https://qverify.in?stuid=dvm-stu0000152', 'stu0000152', NULL, '1', '166', '1', '2022-09-15 15:30:49');

-- --------------------------------------------------------

--
-- Table structure for table `qrcode_teachers`
--

CREATE TABLE `qrcode_teachers` (
  `id` int(11) NOT NULL,
  `schoolUniqueCode` varchar(100) NOT NULL,
  `qrcodeUrl` varchar(255) NOT NULL,
  `uniqueValue` varchar(255) NOT NULL,
  `qrcodeJson` json DEFAULT NULL,
  `type` varchar(100) DEFAULT NULL,
  `user_id` varchar(255) DEFAULT NULL,
  `status` enum('1','2','3','4') NOT NULL DEFAULT '1',
  `created_at` timestamp NOT NULL DEFAULT CURRENT_TIMESTAMP
) ENGINE=InnoDB DEFAULT CHARSET=utf8mb4;

--
-- Dumping data for table `qrcode_teachers`
--

INSERT INTO `qrcode_teachers` (`id`, `schoolUniqueCode`, `qrcodeUrl`, `uniqueValue`, `qrcodeJson`, `type`, `user_id`, `status`, `created_at`) VALUES
(15, '683611', 'https://qverify.in?tecid=dvm-tec00004', 'tec00004', NULL, '2', '4', '1', '2022-08-28 03:17:57'),
(16, '683611', 'https://qverify.in?tecid=dvm-tec00005', 'tec00005', NULL, '2', '5', '1', '2022-08-28 04:08:01'),
(17, '683611', 'https://qverify.in?tecid=dvm-tec00006', 'tec00006', NULL, '2', '6', '1', '2022-08-30 14:42:38'),
(18, '965316', 'https://qverify.in?tecid=dvm-tec00007', 'tec00007', NULL, '2', '7', '1', '2022-08-30 14:47:57'),
(19, '724212', 'https://qverify.in?tecid=dvm-tec00008', 'tec00008', NULL, '2', '8', '1', '2022-09-03 14:10:31'),
(20, '683611', 'https://qverify.in?tecid=dvm-tec00009', 'tec00009', NULL, '2', '9', '1', '2022-09-06 15:23:38'),
(21, '965316', 'https://qverify.in?tecid=dvm-tec000010', 'tec000010', NULL, '2', '10', '1', '2022-09-11 13:52:51'),
(22, '683611', 'https://qverify.in?tecid=dvm-tec000011', 'tec000011', NULL, '2', '11', '1', '2022-09-22 09:02:21'),
(23, '683611', 'https://qverify.in?tecid=dvm-tec000012', 'tec000012', NULL, '2', '12', '1', '2022-09-22 09:09:52');

-- --------------------------------------------------------

--
-- Table structure for table `rating_and_reviews`
--

CREATE TABLE `rating_and_reviews` (
  `id` int(11) NOT NULL,
  `schoolUniqueCode` varchar(100) NOT NULL,
  `login_user_id` int(11) NOT NULL,
  `login_user_type` int(11) NOT NULL,
  `user_id` int(11) NOT NULL,
  `user_type` int(11) NOT NULL,
  `stars` enum('1','2','3','4','5') NOT NULL,
  `review` text NOT NULL,
  `review_title` varchar(100) NOT NULL,
  `for_what` int(11) NOT NULL,
  `reason_id` int(11) NOT NULL,
  `status` enum('1','2','3','4') NOT NULL DEFAULT '1',
  `created_at` timestamp NOT NULL DEFAULT CURRENT_TIMESTAMP
) ENGINE=InnoDB DEFAULT CHARSET=latin1;

--
-- Dumping data for table `rating_and_reviews`
--

INSERT INTO `rating_and_reviews` (`id`, `schoolUniqueCode`, `login_user_id`, `login_user_type`, `user_id`, `user_type`, `stars`, `review`, `review_title`, `for_what`, `reason_id`, `status`, `created_at`) VALUES
(1, '683611', 13, 6, 5, 2, '5', 'Geat Teacher', 'Account Test', 1, 1, '1', '2022-09-17 00:03:27'),
(2, '683611', 14, 6, 5, 2, '4', 'She is a great teacher she know how to teach students', 'Teaching Performance', 1, 1, '1', '2022-09-17 00:03:27'),
(3, '683611', 15, 6, 5, 2, '3', 'She is a great teacher she know how to teach students', 'Best Teacher', 1, 1, '1', '2022-09-17 00:03:27'),
(4, '683611', 16, 6, 5, 2, '5', 'She is a great teacher she know how to teach students', 'Great Working Women', 1, 1, '1', '2022-09-17 00:03:27'),
(5, '683611', 17, 6, 5, 2, '1', 'She is a great teacher she know how to teach students', 'Amazing Affaorts', 1, 1, '1', '2022-09-17 00:03:27'),
(6, '683611', 14, 6, 5, 2, '4', 'She is a great teacher she know how to teach students', 'Make in India Proud', 1, 1, '1', '2022-09-17 00:03:27'),
(7, '683611', 18, 6, 5, 2, '3', 'She is a great teacher she know how to teach students', 'Teaching Performance', 1, 1, '1', '2022-09-17 00:03:27');

-- --------------------------------------------------------

--
-- Table structure for table `redeem_gifts`
--

CREATE TABLE `redeem_gifts` (
  `id` int(11) NOT NULL,
  `schoolUniqueCode` varchar(100) NOT NULL,
  `login_user_id` int(11) NOT NULL,
  `login_user_type` int(11) NOT NULL,
  `gift_id` int(11) NOT NULL,
  `digiCoin_used` int(11) NOT NULL,
  `status` enum('1','2','3','4') NOT NULL DEFAULT '1' COMMENT '1=>pending,2=>send,3=>intransit,4=>deliverd',
  `created_at` timestamp NOT NULL DEFAULT CURRENT_TIMESTAMP
) ENGINE=InnoDB DEFAULT CHARSET=latin1;

--
-- Dumping data for table `redeem_gifts`
--

INSERT INTO `redeem_gifts` (`id`, `schoolUniqueCode`, `login_user_id`, `login_user_type`, `gift_id`, `digiCoin_used`, `status`, `created_at`) VALUES
(1, '683611', 3, 2, 3, 25, '2', '2022-09-05 03:47:37'),
(3, '683611', 6, 2, 3, 25, '1', '2022-09-05 03:48:12'),
(7, '683611', 6, 2, 3, 25, '1', '2022-09-09 01:27:00'),
(8, '683611', 6, 2, 14, 0, '1', '2022-09-09 01:27:00'),
(9, '683611', 6, 2, 3, 25, '1', '2022-09-09 01:32:46'),
(10, '683611', 6, 2, 3, 25, '1', '2022-09-09 01:33:59'),
(11, '683611', 6, 2, 3, 25, '1', '2022-09-09 01:34:40'),
(12, '683611', 6, 2, 4, 1000, '1', '2022-09-09 01:34:40'),
(13, '683611', 9, 2, 3, 25, '1', '2022-09-10 08:44:34'),
(14, '683611', 2, 2, 3, 25, '1', '2022-09-11 04:46:49'),
(15, '683611', 2, 2, 3, 25, '4', '2022-09-12 02:22:59'),
(16, '683611', 6, 2, 3, 25, '1', '2022-09-19 01:40:28'),
(17, '683611', 6, 2, 4, 1000, '2', '2022-09-19 01:40:28'),
(18, '683611', 2, 2, 7, 500, '1', '2022-09-20 05:03:16'),
(19, '683611', 2, 2, 3, 25, '1', '2022-09-20 12:54:37'),
(20, '683611', 2, 2, 3, 25, '1', '2022-09-21 08:07:56'),
(21, '683611', 2, 2, 2, 300, '1', '2022-09-21 10:40:51'),
(22, '683611', 2, 2, 3, 25, '1', '2022-09-21 10:40:51'),
(23, '683611', 2, 2, 3, 25, '1', '2022-09-21 14:06:22'),
(24, '683611', 5, 2, 3, 25, '1', '2022-09-23 03:02:36'),
(25, '683611', 2, 2, 3, 25, '1', '2022-09-23 07:34:49'),
(26, '683611', 2, 2, 2, 300, '1', '2022-09-24 09:53:46'),
(27, '683611', 4, 2, 3, 25, '1', '2022-09-27 14:27:27'),
(28, '683611', 4, 2, 3, 25, '1', '2022-09-28 02:29:37'),
(29, '683611', 4, 2, 3, 25, '1', '2022-09-28 02:31:18');

-- --------------------------------------------------------

--
-- Table structure for table `result`
--

CREATE TABLE `result` (
  `id` int(11) NOT NULL,
  `schoolUniqueCode` varchar(100) DEFAULT NULL,
  `exam_id` int(11) NOT NULL,
  `marks` float NOT NULL,
  `remarks` varchar(255) DEFAULT NULL,
  `resultStatus` enum('1','2') NOT NULL COMMENT '1 => Pass || 2 => Fail',
  `student_id` int(11) NOT NULL,
  `login_user_type` varchar(100) NOT NULL,
  `login_user_id` int(11) NOT NULL,
  `result_date` date NOT NULL,
  `status` enum('1','2') NOT NULL,
  `created_at` timestamp NOT NULL DEFAULT CURRENT_TIMESTAMP
) ENGINE=InnoDB DEFAULT CHARSET=utf8mb4;

--
-- Dumping data for table `result`
--

INSERT INTO `result` (`id`, `schoolUniqueCode`, `exam_id`, `marks`, `remarks`, `resultStatus`, `student_id`, `login_user_type`, `login_user_id`, `result_date`, `status`, `created_at`) VALUES
(1, NULL, 1, 56, 'You have to focus on chapter no 5', '1', 13, 'Teacher', 3, '2022-08-31', '1', '2022-08-26 05:06:37'),
(2, NULL, 1, 25, 'You are fail focus on this subject', '2', 2, 'Teacher', 3, '2022-08-31', '1', '2022-08-26 05:06:37'),
(3, NULL, 1, 89, 'You are good student', '1', 3, 'Teacher', 3, '2022-08-31', '1', '2022-08-26 05:06:37'),
(4, NULL, 2, 92, 'you r good', '1', 13, 'Teacher', 3, '2022-09-01', '1', '2022-08-26 06:59:43'),
(5, '683611', 6, 15, 'poor performance ', '1', 5, 'Teacher', 2, '2022-09-08', '1', '2022-09-01 15:31:43'),
(6, '683611', 6, 50, 'Average ', '1', 8, 'Teacher', 2, '2022-09-08', '1', '2022-09-01 15:31:43'),
(7, '683611', 6, 100, 'Excellent ', '1', 16, 'Teacher', 2, '2022-09-08', '1', '2022-09-01 15:31:43'),
(8, '683611', 2, 92, 'you r good', '', 13, 'Teacher', 6, '2022-09-01', '1', '2022-09-02 03:20:14'),
(9, '683611', 2, 54, 'Improve Yourself', '', 14, 'Teacher', 6, '2022-09-01', '1', '2022-09-02 03:20:14'),
(10, '683611', 6, 92, 'you r good', '1', 13, 'Teacher', 6, '2022-09-01', '1', '2022-09-02 03:22:13'),
(11, '683611', 6, 54, 'Improve Yourself', '1', 14, 'Teacher', 6, '2022-09-01', '1', '2022-09-02 03:22:13'),
(12, '683611', 7, 92, 'you r good', '2', 13, 'Teacher', 6, '2022-09-01', '1', '2022-09-02 09:46:53'),
(13, '683611', 7, 54, 'Improve Yourself', '2', 14, 'Teacher', 6, '2022-09-01', '1', '2022-09-02 09:46:53'),
(14, '683611', 9, 35, 'improve', '1', 5, 'Teacher', 2, '2022-09-05', '1', '2022-09-03 09:57:37'),
(15, '683611', 9, 80, 'best', '1', 8, 'Teacher', 2, '2022-09-05', '1', '2022-09-03 09:57:37'),
(16, '683611', 9, 12, 'fail ', '2', 16, 'Teacher', 2, '2022-09-05', '1', '2022-09-03 09:57:37'),
(17, '683611', 10, 12, 'amazing ', '1', 4, 'Teacher', 2, '2022-09-16', '1', '2022-09-03 13:25:38'),
(18, '683611', 12, 12, '', '2', 5, 'Teacher', 2, '2022-09-06', '1', '2022-09-04 04:48:39'),
(19, '683611', 12, 50, 'Good ', '1', 8, 'Teacher', 2, '2022-09-06', '1', '2022-09-04 04:48:39'),
(20, '683611', 12, 0, '', '2', 16, 'Teacher', 2, '2022-09-06', '1', '2022-09-04 04:48:39'),
(21, '683611', 14, 56, '', '1', 5, 'Teacher', 2, '2022-09-08', '1', '2022-09-07 13:39:03'),
(22, '683611', 14, 0, '', '2', 8, 'Teacher', 2, '2022-09-08', '1', '2022-09-07 13:39:03'),
(23, '683611', 14, 45, '', '1', 16, 'Teacher', 2, '2022-09-08', '1', '2022-09-07 13:39:03'),
(24, '683611', 15, 30, '', '1', 5, 'Teacher', 2, '2022-09-11', '1', '2022-09-11 08:38:34'),
(25, '683611', 15, 54, '', '2', 8, 'Teacher', 2, '2022-09-11', '1', '2022-09-11 08:38:34'),
(26, '683611', 15, 0, '', '2', 16, 'Teacher', 2, '2022-09-11', '1', '2022-09-11 08:38:34'),
(27, '683611', 10, 0, '', '2', 27, 'Teacher', 2, '2022-09-17', '1', '2022-09-17 15:02:38'),
(28, '683611', 10, 0, '', '2', 31, 'Teacher', 2, '2022-09-17', '1', '2022-09-17 15:02:38'),
(29, '683611', 10, 25, 'Best', '2', 32, 'Teacher', 2, '2022-09-17', '1', '2022-09-17 15:02:38'),
(30, '683611', 10, 87, 'Good Work', '2', 33, 'Teacher', 2, '2022-09-17', '1', '2022-09-17 15:02:38'),
(31, '683611', 16, 26, 'b', '1', 27, 'Teacher', 2, '2022-09-21', '1', '2022-09-20 00:38:30'),
(32, '683611', 16, 41, 'good', '1', 31, 'Teacher', 2, '2022-09-21', '1', '2022-09-20 00:38:30'),
(33, '683611', 16, 23, 'Great h', '2', 32, 'Teacher', 2, '2022-09-21', '1', '2022-09-20 00:38:30'),
(34, '683611', 16, 33, 'pass h', '1', 33, 'Teacher', 2, '2022-09-21', '1', '2022-09-20 00:38:30'),
(35, '683611', 17, 12, 'ev\n', '2', 37, 'Teacher', 2, '2022-09-21', '1', '2022-09-20 01:11:55'),
(36, '683611', 17, 42, 'gaha', '2', 38, 'Teacher', 2, '2022-09-21', '1', '2022-09-20 01:11:56'),
(37, '683611', 17, 52, 'ghu', '2', 39, 'Teacher', 2, '2022-09-21', '1', '2022-09-20 01:11:56'),
(38, '683611', 18, 40, 'Pass ho gya', '1', 49, 'Teacher', 2, '2022-09-21', '1', '2022-09-20 01:40:34'),
(39, '683611', 18, 55, 'Good Beta', '1', 50, 'Teacher', 2, '2022-09-21', '1', '2022-09-20 01:40:34'),
(40, '683611', 18, 69, 'amazing', '1', 51, 'Teacher', 2, '2022-09-21', '1', '2022-09-20 01:40:34'),
(41, '683611', 19, 12, '', '2', 103, 'Teacher', 2, '2022-09-21', '1', '2022-09-20 01:57:53'),
(42, '683611', 19, 65, '', '1', 104, 'Teacher', 2, '2022-09-21', '1', '2022-09-20 01:57:53'),
(43, '683611', 19, 55, '', '1', 105, 'Teacher', 2, '2022-09-21', '1', '2022-09-20 01:57:53'),
(44, '683611', 23, 20, 'Best\n', '1', 37, 'Teacher', 2, '2022-09-22', '1', '2022-09-21 08:05:45'),
(45, '683611', 23, 12, 'ok', '1', 38, 'Teacher', 2, '2022-09-22', '1', '2022-09-21 08:05:45'),
(46, '683611', 23, 8, 'fail', '2', 39, 'Teacher', 2, '2022-09-22', '1', '2022-09-21 08:05:45'),
(47, '683611', 24, 15, ' ', '2', 43, 'Teacher', 2, '2022-09-26', '1', '2022-09-21 10:33:33'),
(48, '683611', 24, 35, '', '1', 44, 'Teacher', 2, '2022-09-26', '1', '2022-09-21 10:33:33'),
(49, '683611', 24, 26, ' ', '2', 45, 'Teacher', 2, '2022-09-26', '1', '2022-09-21 10:33:33'),
(50, '683611', 25, 5, '', '2', 97, 'Teacher', 2, '2022-09-21', '1', '2022-09-21 16:51:07'),
(51, '683611', 25, 2, '', '2', 98, 'Teacher', 2, '2022-09-21', '1', '2022-09-21 16:51:07'),
(52, '683611', 25, 1, '', '2', 99, 'Teacher', 2, '2022-09-21', '1', '2022-09-21 16:51:07'),
(53, '683611', 29, 22, '', '2', 37, 'Teacher', 5, '2022-09-24', '1', '2022-09-23 02:51:38'),
(54, '683611', 29, 22, '', '2', 38, 'Teacher', 5, '2022-09-24', '1', '2022-09-23 02:51:38'),
(55, '683611', 29, 12, '', '2', 39, 'Teacher', 5, '2022-09-24', '1', '2022-09-23 02:51:38'),
(56, '683611', 30, 63, '', '1', 37, 'Teacher', 5, '2022-09-24', '1', '2022-09-23 02:53:36'),
(57, '683611', 30, 50, '', '1', 38, 'Teacher', 5, '2022-09-24', '1', '2022-09-23 02:53:36'),
(58, '683611', 30, 98, '', '1', 39, 'Teacher', 5, '2022-09-24', '1', '2022-09-23 02:53:36'),
(59, '683611', 31, 20, 'fail\n', '2', 49, 'Teacher', 4, '2022-09-29', '1', '2022-09-28 02:24:23'),
(60, '683611', 31, 66, 'pass', '1', 50, 'Teacher', 4, '2022-09-29', '1', '2022-09-28 02:24:23'),
(61, '683611', 31, 25, 'vh\n\n', '2', 51, 'Teacher', 4, '2022-09-29', '1', '2022-09-28 02:24:23');

-- --------------------------------------------------------

--
-- Table structure for table `schoolmaster`
--

CREATE TABLE `schoolmaster` (
  `id` int(11) NOT NULL,
  `unique_id` varchar(100) NOT NULL,
  `u_qr_id` varchar(100) DEFAULT NULL,
  `user_id` varchar(100) NOT NULL,
  `school_name` varchar(100) NOT NULL,
  `mobile` varchar(100) NOT NULL,
  `email` varchar(100) NOT NULL,
  `address` varchar(255) NOT NULL,
  `image` varchar(255) DEFAULT NULL,
  `classes_up_to` varchar(100) DEFAULT NULL,
  `pincode` int(6) DEFAULT NULL,
  `doa` timestamp NOT NULL DEFAULT CURRENT_TIMESTAMP,
  `session_started_from` int(11) DEFAULT NULL,
  `session_ended_to` int(11) DEFAULT NULL,
  `session_started_from_year` int(11) DEFAULT NULL,
  `session_ended_to_year` int(11) DEFAULT NULL,
  `status` enum('1','2') NOT NULL DEFAULT '1',
  `created_at` timestamp NOT NULL DEFAULT CURRENT_TIMESTAMP
) ENGINE=InnoDB DEFAULT CHARSET=utf8mb4;

--
-- Dumping data for table `schoolmaster`
--

INSERT INTO `schoolmaster` (`id`, `unique_id`, `u_qr_id`, `user_id`, `school_name`, `mobile`, `email`, `address`, `image`, `classes_up_to`, `pincode`, `doa`, `session_started_from`, `session_ended_to`, `session_started_from_year`, `session_ended_to_year`, `status`, `created_at`) VALUES
(1, '683611', '15', 'sch00001', 'Baraut Public School', '9638521470', 'growell@gmail.com', 'abc building baraut', 'img-SCHOOL-istockphoto-1171617683-612x612.jpg', '8', 250611, '2022-09-08 03:13:48', 4, 3, 2022, 2023, '2', '2022-08-28 03:06:55'),
(2, '427695', '16', 'sch00002', 'Baraut Public School', '9876545689', 'brt@gmail.com', 'patti chaudhran baraut', NULL, '12', NULL, '2022-09-08 03:13:48', NULL, NULL, NULL, NULL, '2', '2022-08-28 03:09:29'),
(3, '973713', '17', 'sch00003', 'Joker Public Inter College', '9876548565', 'joker@public.com', 'joker wali gali baraut', NULL, '12', NULL, '2022-09-08 03:13:48', NULL, NULL, NULL, NULL, '2', '2022-08-28 08:40:33'),
(4, '467886', '18', 'sch00004', 'Test School', '7418526253', 'gs27349gs@gmail.com', 'tst address', NULL, '8', NULL, '2022-09-08 03:13:48', NULL, NULL, NULL, NULL, '1', '2022-08-28 10:34:12'),
(5, '219981', '19', 'sch00005', 'Digital', '9876548515', 'ramji27349@gmail.com', 'Ram ke bharoshe', NULL, '5', NULL, '2022-09-08 03:13:48', NULL, NULL, NULL, NULL, '1', '2022-08-28 13:44:18'),
(6, '951166', '20', 'sch00006', 'SBPS School', '1234567', 'mihiryadavofficial@gmail.com', '1234', NULL, '7', NULL, '2022-09-08 03:13:48', NULL, NULL, NULL, NULL, '1', '2022-08-28 13:50:47'),
(7, '965316', '21', 'sch00007', 'svt public school', '8700671965', 'ni30.dev@gmail.com', 'E165 , 3rd floor', NULL, '0', NULL, '2022-09-08 03:13:48', NULL, NULL, NULL, NULL, '1', '2022-08-28 14:18:59'),
(8, '491608', '22', 'sch00008', 'Vidya Sagar School', '9876541232', 'gs27349@gmail.com', '12-190 gali maliyan patti chaudran', NULL, '12', NULL, '2022-09-08 03:13:48', NULL, NULL, NULL, NULL, '1', '2022-08-30 03:32:05'),
(9, '724212', '23', 'sch00009', 'Shrione Public School', '9045308073', 'shrione77@gmail.com', 'Bada Jain Mandir', NULL, '12', NULL, '2022-09-08 03:13:48', NULL, NULL, NULL, NULL, '1', '2022-09-03 13:46:25'),
(10, '945537', '24', 'sch000010', 'Digital International School', '9876543215', 'digitalfied@gmail.com', 'Pata Nhi', NULL, '12', NULL, '2022-09-18 02:18:05', NULL, NULL, NULL, NULL, '2', '2022-09-18 02:18:05');

-- --------------------------------------------------------

--
-- Table structure for table `section`
--

CREATE TABLE `section` (
  `id` int(11) NOT NULL,
  `schoolUniqueCode` varchar(100) NOT NULL,
  `sectionName` varchar(255) NOT NULL,
  `status` enum('1','2','3','4') NOT NULL DEFAULT '1',
  `created_at` timestamp NOT NULL DEFAULT CURRENT_TIMESTAMP
) ENGINE=InnoDB DEFAULT CHARSET=utf8mb4;

--
-- Dumping data for table `section`
--

INSERT INTO `section` (`id`, `schoolUniqueCode`, `sectionName`, `status`, `created_at`) VALUES
(1, '683611', 'A', '1', '2022-08-11 05:54:58'),
(2, '683611', 'B', '1', '2022-08-11 05:54:58'),
(3, '683611', 'C', '4', '2022-08-11 05:54:58'),
(4, '683611', 'D', '4', '2022-08-11 05:54:58'),
(5, '683611', 'E', '4', '2022-08-11 05:55:22'),
(6, '683611', 'F', '4', '2022-08-11 05:55:22'),
(7, '683611', 'G', '4', '2022-08-11 05:55:22'),
(8, '683611', 'H', '4', '2022-08-11 05:55:22'),
(9, '683611', 'I', '4', '2022-08-11 05:55:22'),
(10, '683611', 'Maths', '1', '2022-08-12 03:33:31'),
(11, '683611', 'Com', '1', '2022-08-12 03:33:31'),
(12, '683611', 'Sci', '1', '2022-08-12 03:33:31'),
(13, '683611', 'Arts', '1', '2022-08-12 03:33:31'),
(18, '724212', 'A', '1', '2022-09-03 13:57:15'),
(19, '965316', 'a', '1', '2022-09-11 13:13:48');

-- --------------------------------------------------------

--
-- Table structure for table `set_digi_coin`
--

CREATE TABLE `set_digi_coin` (
  `id` int(11) NOT NULL,
  `schoolUniqueCode` varchar(100) NOT NULL,
  `digiCoin` int(11) NOT NULL,
  `user_type` enum('1','2','3','4','5') NOT NULL COMMENT '1 = student, 2 = teacher, 3 = staff, 4 = principal, 5 = school',
  `for_what` enum('1','2','3','4') NOT NULL COMMENT '1 = attendence, 2 = departure, 3 = add result',
  `status` enum('1','2','3','4') NOT NULL DEFAULT '1',
  `created_at` timestamp NOT NULL DEFAULT CURRENT_TIMESTAMP
) ENGINE=InnoDB DEFAULT CHARSET=utf8mb4;

--
-- Dumping data for table `set_digi_coin`
--

INSERT INTO `set_digi_coin` (`id`, `schoolUniqueCode`, `digiCoin`, `user_type`, `for_what`, `status`, `created_at`) VALUES
(2, '963852', 30, '2', '1', '1', '2022-09-01 01:39:23'),
(3, '963852', 10, '1', '1', '1', '2022-09-01 01:44:58'),
(4, '963852', 10, '1', '2', '1', '2022-09-01 01:48:29'),
(5, '963852', 20, '2', '2', '1', '2022-09-01 01:48:38'),
(12, '683611', 10, '1', '3', '1', '2022-09-02 01:58:23'),
(13, '683611', 30, '2', '3', '1', '2022-09-02 01:58:39');

-- --------------------------------------------------------

--
-- Table structure for table `state`
--

CREATE TABLE `state` (
  `id` int(11) NOT NULL,
  `schoolUniqueCode` varchar(100) NOT NULL,
  `stateName` varchar(255) NOT NULL,
  `status` enum('1','2','3','4') NOT NULL DEFAULT '1',
  `created_at` timestamp NOT NULL DEFAULT CURRENT_TIMESTAMP
) ENGINE=InnoDB DEFAULT CHARSET=utf8mb4;

--
-- Dumping data for table `state`
--

INSERT INTO `state` (`id`, `schoolUniqueCode`, `stateName`, `status`, `created_at`) VALUES
(1, '683611', 'Uttar Pradesh', '1', '2022-08-11 05:56:23'),
(2, '683611', 'Delhi', '1', '2022-08-11 05:56:23'),
(3, '683611', 'UttraKhand', '1', '2022-08-11 05:56:23'),
(4, '683611', 'Bihar', '1', '2022-08-11 05:56:23'),
(5, '683611', 'Haryana', '1', '2022-08-11 05:56:23'),
(6, '683611', 'Rajsthan', '1', '2022-08-21 05:10:30'),
(8, '683611', 'Gujrat', '1', '2022-08-27 08:39:29'),
(9, '683611', 'Andhra Pradesh', '1', '2022-08-28 05:22:18'),
(10, '683611', 'Arunachal Pradesh', '1', '2022-08-28 05:22:23'),
(11, '683611', 'Assam', '1', '2022-08-28 05:22:28'),
(12, '683611', 'Chhattisgarh', '1', '2022-08-28 05:22:38'),
(13, '683611', 'Goa', '1', '2022-08-28 05:22:42'),
(14, '683611', 'Gujarat', '1', '2022-08-28 05:22:47'),
(15, '683611', 'Himachal Pradesh', '1', '2022-08-28 05:22:57'),
(16, '683611', 'Jharkhand', '1', '2022-08-28 05:23:01'),
(17, '683611', 'Karnataka', '1', '2022-08-28 05:23:06'),
(18, '683611', 'Kerala', '1', '2022-08-28 05:23:11'),
(19, '683611', 'Madhya Pradesh', '1', '2022-08-28 05:23:16'),
(20, '683611', 'Maharashtra', '1', '2022-08-28 05:23:20'),
(21, '683611', 'Manipur', '1', '2022-08-28 05:23:25'),
(22, '683611', 'Meghalaya', '1', '2022-08-28 05:23:31'),
(23, '683611', 'Mizoram', '1', '2022-08-28 05:23:36'),
(24, '683611', 'Nagaland', '1', '2022-08-28 05:23:41'),
(25, '683611', 'Odisha', '1', '2022-08-28 05:23:46'),
(26, '683611', 'Punjab', '1', '2022-08-28 05:23:51'),
(27, '683611', 'Rajasthan', '1', '2022-08-28 05:23:59'),
(28, '683611', 'Sikkim', '1', '2022-08-28 05:24:04'),
(29, '683611', 'Tamil Nadu', '1', '2022-08-28 05:24:09'),
(30, '683611', 'Telangana', '1', '2022-08-28 05:24:14'),
(31, '683611', 'Tripura', '1', '2022-08-28 05:24:19'),
(32, '683611', 'Uttarakhand', '1', '2022-08-28 05:24:30'),
(33, '683611', 'West Bengal', '1', '2022-08-28 05:24:35'),
(34, '724212', 'Uttar Pradesh', '1', '2022-09-03 14:09:05');

-- --------------------------------------------------------

--
-- Table structure for table `students`
--

CREATE TABLE `students` (
  `id` int(11) NOT NULL,
  `schoolUniqueCode` varchar(100) NOT NULL,
  `u_qr_id` varchar(255) NOT NULL,
  `name` varchar(100) NOT NULL,
  `user_id` varchar(100) NOT NULL,
  `class_id` varchar(100) NOT NULL,
  `section_id` varchar(100) NOT NULL,
  `roll_no` varchar(100) NOT NULL,
  `gender` varchar(100) NOT NULL,
  `mother_name` varchar(100) DEFAULT NULL,
  `father_name` varchar(100) DEFAULT NULL,
  `mobile` varchar(100) NOT NULL,
  `email` varchar(100) DEFAULT NULL,
  `dob` varchar(100) NOT NULL,
  `address` varchar(255) NOT NULL,
  `state_id` varchar(100) NOT NULL,
  `city_id` varchar(100) NOT NULL,
  `pincode` int(11) DEFAULT NULL,
  `image` varchar(255) DEFAULT NULL,
  `password` varchar(100) DEFAULT NULL,
  `status` enum('1','2','3','4') NOT NULL DEFAULT '1',
  `auth_token` varchar(255) DEFAULT NULL,
  `fcm_token` text,
  `vechicle_type` int(11) DEFAULT NULL,
  `driver_id` int(11) DEFAULT NULL,
  `created_at` timestamp NOT NULL DEFAULT CURRENT_TIMESTAMP
) ENGINE=InnoDB DEFAULT CHARSET=utf8mb4;

--
-- Dumping data for table `students`
--

INSERT INTO `students` (`id`, `schoolUniqueCode`, `u_qr_id`, `name`, `user_id`, `class_id`, `section_id`, `roll_no`, `gender`, `mother_name`, `father_name`, `mobile`, `email`, `dob`, `address`, `state_id`, `city_id`, `pincode`, `image`, `password`, `status`, `auth_token`, `fcm_token`, `vechicle_type`, `driver_id`, `created_at`) VALUES
(13, '683611', '6', 'Ram Sharma', 'stu00001', '8', '2', '19', '1', 'Urmila Devi', 'Balkishan Sharma', '6325148547', 'rambal582@gmail.com', '2013-06-05', 'ABC Building ', '1', '2', 250609, 'img-stu00001-360_F_410166561_bZLl3qZRt68JCK9JDkgauSDiABqsrK4I.jpg', NULL, '1', NULL, NULL, NULL, NULL, '2022-08-12 12:10:13'),
(14, '683611', '7', 'Kirti Kaif', 'stu00002', '9', '2', '12', '2', 'Jhenny Kaif', 'Jhonny kaif', '8956232536', 'kriti251@gmail.com', '2012-03-06', 'Bijrol Road', '1', '1', 250611, 'img-stu00002-283-2839124_school-indian-student-png-transparent-png.png', NULL, '1', NULL, NULL, NULL, NULL, '2022-08-13 02:18:41'),
(16, '683611', '11', 'Priya', 'stu00003', '14', '13', '25', '2', 'Sunita', 'Mannu', '9633696952', 'priyam@yahoo.com', '2001-03-15', 'Delhi Haryana Road', '5', '6', 250623, 'img-stu00003-photo-1630178836733-3d61d8974258.jpg', NULL, '1', NULL, NULL, NULL, NULL, '2022-08-15 04:04:05'),
(17, '683611', '12', 'Arun', 'stu00004', '9', '3', '25', '1', 'Parul', 'Govind', '8956233625', 'abcarun@email.com', '2010-12-29', 'Gante Wali Gali', '1', '3', 369254, 'img-stu00004-360_F_270188580_YDUEwBmDIxBMvCQxkcunmEkm93VqOgqm.jpg', NULL, '1', NULL, NULL, NULL, NULL, '2022-08-15 04:14:45'),
(18, '683611', '13', 'Sameer Ahmed', 'stu00005', '3', '2', '18', '1', 'Salma Ahmed', 'Juber Ahmed', '9638521452', 'samAh@email.com', '2014-02-26', 'Near Railway Station', '1', '3', 250622, 'img-stu00005-360_F_410166561_bZLl3qZRt68JCK9JDkgauSDiABqsrK4I.jpg', NULL, '1', NULL, NULL, NULL, NULL, '2022-08-26 10:39:49'),
(20, '683611', '15', 'New School Student', 'stu00006', '3', '3', '10', '1', 'maa ka name', 'bap ka name', '7418523695', 'mabap@email.com', '2022-08-20', 'maaaaaadress', '1', '1', 123456, 'img-stu00006-630-01491566en_Masterfile.jpg', NULL, '1', NULL, NULL, NULL, NULL, '2022-08-28 04:04:42'),
(21, '951166', '16', 'Rahul Tiwari', 'stu00007', '8', '3', '34', '1', '', 'Ramesh', '1234567891', 'zuzu@mumu.com', '2022-08-19', 'reredfvergve', '2', '2', 400065, '', NULL, '1', NULL, NULL, NULL, NULL, '2022-08-28 13:58:18'),
(22, '965316', '17', 'nitish', 'stu00008', '2', '1', '10', '1', 'maharani', 'janardan', '8700671965', 'ni30.dev@gmail.com', '2007-07-28', 'E165 , 3rd floor', '2', '4', 110059, 'img-stu00008-Screenshot from 2022-08-26 20-06-52.png', NULL, '1', NULL, NULL, NULL, NULL, '2022-08-28 14:25:22'),
(23, '965316', '18', 'nisha', 'stu00009', '5', '4', '11', '2', 'maharani', 'ram', '7836928080', 'nguptani30@gmail.com', '2016-07-12', 'D65 , 3rd floor', '5', '5', 110059, 'img-stu00009-Screenshot from 2022-08-18 14-10-53.png', NULL, '1', NULL, NULL, NULL, NULL, '2022-08-28 14:27:05'),
(24, '963852', '19', 'Jaddu', 'stu000010', '3', '2', '11', '1', 'mohter name aayaga', 'baap hai', '5542378612', 'maa@baap.com', '2022-08-03', 'abc building', '1', '1', 250611, 'img-stu000010-630-07071784en_Masterfile.jpg', 's4MlvP', '1', 'jPLJT260dMZC81O9wqzp6vusa4gH3to8lGIBEFVi', NULL, NULL, NULL, '2022-08-29 12:41:18'),
(25, '724212', '20', 'Ridhi Jain', 'stu000011', '17', '18', '12', '2', 'Gunjan Jain', 'Pankaj Jain', '9876543215', 'ridhi@email.com', '06/01/2004', 'Bada Jain Mandir', '34', '19', 250611, 'img-stu000011-WhatsApp Image 2022-09-03 at 19.21.47.jpeg', NULL, '1', NULL, NULL, NULL, NULL, '2022-09-03 14:13:45'),
(26, '724212', '21', 'Atisya Jain', 'stu000012', '18', '18', '10', '1', 'Rubi Jain', 'Rajiv Jain', '7899878548', 'atisya@email.com', '05/14/2007', 'Bada Jain Mandir', '34', '19', 250611, 'img-stu000012-WhatsApp Image 2022-09-03 at 19.21.46.jpeg', NULL, '1', NULL, NULL, NULL, NULL, '2022-09-03 14:16:53'),
(27, '683611', '22', 'Ujjwal ', 'stu000013', '1', '1', '1', '1', 'Madu Devi', 'Manbir', '7060643952', 'ujjwal@goon.com', '06/04/2003', 'Goon', '1', '1', 250611, 'img-stu000013-630-01491566en_Masterfile.jpg', 'uaFq2f', '1', NULL, NULL, NULL, NULL, '2022-09-07 02:35:54'),
(28, '965316', '23', 'monika', 'stu000014', '19', '19', '10', '2', 'usha', 'ram', '7600671965', 'ca@rajesh.com', '01/22/2020', 'E165 , 3rd floor', '', '', 110059, '', '6AfUbW', '1', NULL, NULL, NULL, NULL, '2022-09-11 13:50:38'),
(29, '965316', '24', 'pradeep', 'stu000015', '19', '19', '11', '1', 'usha', 'ram', '7898787878', 'giony@rajesh.com', '11/04/2009', 'h165 , 3rd floor', '', '', 110059, '', 'Oafr90', '1', NULL, NULL, NULL, NULL, '2022-09-11 13:51:46'),
(30, '683611', '25', 'Sebastian Carr', 'stu000016', '4', '13', '378', '1', 'Charde Nieves', 'Ruth Baird', '6014725854', 'pyned@mailinator.com', '05-Jul-2011', 'Deserunt saepe nisi ', '30', '4', 258365, '', 'W3krxs', '1', NULL, NULL, NULL, NULL, '2022-09-15 07:00:44'),
(31, '683611', '26', 'Rana Villarreal', 'stu000017', '1', '1', '449', '3', 'Driscoll York', 'Wylie Grimes', '1471472541', 'filofiq@mailinator.com', '28-May-2002', 'Necessitatibus in au', '22', '17', 147258, '', '1wmU54', '1', NULL, NULL, NULL, NULL, '2022-09-15 07:01:07'),
(32, '683611', '27', 'Tanya Rivers', 'stu000018', '1', '1', '478', '1', 'Damian Simmons', 'Kaye Mathews', '3814756522', 'natokola@mailinator.com', '28-Jun-1982', 'Perspiciatis impedi', '18', '4', 147254, '', 'SiB0Wa', '1', NULL, NULL, NULL, NULL, '2022-09-15 07:02:21'),
(33, '683611', '28', 'Angela Houston', 'stu000019', '1', '1', '905', '2', 'Isabelle Carney', 'Melvin Richmond', '6585212473', 'tedizybi@mailinator.com', '31-Oct-2002', 'Delectus tenetur ut', '14', '16', 123541, '', '564tI5', '1', NULL, NULL, NULL, NULL, '2022-09-15 07:02:49'),
(34, '683611', '29', 'Quemby Meyers', 'stu000020', '1', '2', '300', '3', 'Kermit Delacruz', 'Otto Patrick', '3785651224', 'sulitanu@mailinator.com', '07-Nov-1994', 'Adipisci error eos c', '22', '7', 369254, '', 'pHjLiv', '1', NULL, NULL, NULL, NULL, '2022-09-15 07:03:25'),
(35, '683611', '30', 'Lucian Daniel', 'stu000021', '1', '2', '157', '3', 'Linda Sullivan', 'Olivia Evans', '2867354512', 'dadyj@mailinator.com', '04-Jun-2001', 'Enim dolore nemo ill', '27', '16', 147258, '', 'c7IqtK', '1', NULL, NULL, NULL, NULL, '2022-09-15 07:04:16'),
(36, '683611', '31', 'Orla Puckett', 'stu000022', '1', '2', '636', '3', 'Beau Woodward', 'Eagan Best', '7235482516', 'dibyvog@mailinator.com', '20-Nov-2016', 'Veritatis exercitati', '26', '14', 369258, '', '80EOev', '1', NULL, NULL, NULL, NULL, '2022-09-15 07:04:38'),
(37, '683611', '32', 'Gareth Ingram', 'stu000023', '2', '1', '575', '1', 'Isadora Allison', 'Dexter Page', '2355216874', 'sobaj@mailinator.com', '29-Jan-2017', 'Doloremque facere la', '16', '7', 235521, '', 'C3R0yA', '1', NULL, NULL, NULL, NULL, '2022-09-15 07:05:08'),
(38, '683611', '33', 'Angela Gilbert', 'stu000024', '2', '1', '245183', '2', 'Magee Hoffman', 'Kieran Mason', '2451836572', 'zugi@mailinator.com', '25-Jul-2021', 'Aliquip elit ullam ', '29', '6', 245183, '', 'kSBDe9', '1', 'lzEjpN3L8d2B6Y1OkMP64fACmIqGKDT8cot7X53y', 'cshrEuu7SJWv_fTbUiA8Ye:APA91bEese_NwAZkLTzwi8rloGn7FKJRozhEx_lguqCglfMr9pMlX8ZSSSbsF-csx9ft2_0opcB5l9j6UHwpj5g1HvUuXRTq7kZhqO0iLz1STYaamRTmJ2b_IxLnXhG-NZw8UGNotUYP', NULL, NULL, '2022-09-15 07:05:35'),
(39, '683611', '34', 'Phoebe Powers', 'stu000025', '2', '1', '775', '3', 'Ignacia Rios', 'Knox Pickett', '5542378612', 'xacico@mailinator.com', '10-Mar-2006', 'In cupidatat quis re', '10', '5', 554237, '', 's4MlvP', '1', 'rNCWpy40ce58hlt6P72wZaxvuBbVg01F0kOIQziq', '', NULL, NULL, '2022-09-15 07:07:10'),
(40, '683611', '35', 'Donna Atkinson', 'stu000026', '2', '2', '278', '2', 'Lance Thornton', 'Darius Mann', '5542378612', 'cebaxoc@mailinator.com', '21-Apr-2014', 'In veniam ea itaque', '15', '17', 357224, '', 's4MlvP', '1', 'rNCWpy40ce58hlt6P72wZaxvuBbVg01F0kOIQziq', '', NULL, NULL, '2022-09-15 07:07:31'),
(41, '683611', '36', 'Indira Garcia', 'stu000027', '2', '2', '455', '2', 'Tatyana Bray', 'Leroy Merrill', '5281673254', 'qijop@mailinator.com', '16-Nov-1995', 'Debitis consequuntur', '18', '13', 528167, '', 'z76yj7', '1', NULL, NULL, NULL, NULL, '2022-09-15 07:07:48'),
(42, '683611', '37', 'Aretha Gamble', 'stu000028', '2', '2', '8', '3', 'Brody Day', 'Tucker Morton', '5537422618', 'tykiba@mailinator.com', '13-Jul-1983', 'Ratione illum ut do', '22', '6', 553742, '', '6kbMBT', '1', NULL, NULL, NULL, NULL, '2022-09-15 07:08:46'),
(43, '683611', '38', 'Edward Keith', 'stu000029', '3', '1', '94', '3', 'Hannah Compton', 'Callie Sutton', '5234157268', 'liheqimibu@mailinator.com', '15-May-1971', 'Sed dolor est volup', '25', '2', 523415, '', 'vi7nJd', '1', NULL, NULL, NULL, NULL, '2022-09-15 07:09:13'),
(44, '683611', '39', 'Emily Noble', 'stu000030', '3', '1', '370', '2', 'Josiah Gonzalez', 'Ramona Cortez', '5328126547', 'hedemecyk@mailinator.com', '19-Dec-2013', 'Aliquam tempora nihi', '29', '16', 532812, '', 'y84gcA', '1', 'MUbJBlsiaYge2r8ENCD48fjm92WX537npv6y26R7', NULL, NULL, NULL, '2022-09-15 07:09:36'),
(45, '683611', '40', 'Eleanor Koch', 'stu000031', '3', '1', '185', '2', 'Vance Newton', 'Irene Malone', '8525463127', 'pubukemedu@mailinator.com', '27-Feb-2005', 'Reprehenderit quis ', '4', '4', 147521, '', 's2Qa72', '1', NULL, NULL, NULL, NULL, '2022-09-15 07:09:57'),
(46, '683611', '41', 'Kirby Tyler', 'stu000032', '3', '2', '980', '3', 'Kiayada Wiggins', 'Hillary Brown', '3254657182', 'paqecideq@mailinator.com', '16-Jun-1975', 'Laborum Et vitae so', '26', '2', 258365, '', 'jAS6yI', '1', NULL, NULL, NULL, NULL, '2022-09-15 07:10:17'),
(47, '683611', '42', 'Bethany Pruitt', 'stu000033', '3', '2', '2', '1', 'Timothy Little', 'Molly Prince', '4561785232', 'xori@mailinator.com', '05-May-1978', 'Adipisci fuga Iusto', '10', '7', 258369, '', 'V91PmW', '1', NULL, NULL, NULL, NULL, '2022-09-15 07:10:34'),
(48, '683611', '43', 'Garrison Wilkerson', 'stu000034', '3', '2', '281', '3', 'Paki Mccray', 'Benjamin Steele', '4525316827', 'juwatizu@mailinator.com', '27-May-1977', 'Non molestiae quasi ', '24', '3', 258365, '', 'Q31Xya', '1', NULL, NULL, NULL, NULL, '2022-09-15 07:10:54'),
(49, '683611', '44', 'April Black', 'stu000035', '4', '1', '526', '1', 'Davis Owen', 'Alexa Schwartz', '3825215647', 'zewixifi@mailinator.com', '13-Jan-2011', 'Non quidem dolores e', '14', '4', 258147, '', 'Ai7Jz0', '1', NULL, NULL, NULL, NULL, '2022-09-15 07:11:23'),
(50, '683611', '45', 'Kareem Edwards', 'stu000036', '4', '1', '657', '3', 'Ingrid Stevens', 'Justin Sparks', '5273641528', 'qicavusa@mailinator.com', '25-May-1971', 'Velit esse qui vol', '18', '2', 258254, '', 'RxiHes', '1', NULL, NULL, NULL, NULL, '2022-09-15 07:11:43'),
(51, '683611', '46', 'Mollie Grimes', 'stu000037', '4', '1', '831', '1', 'Alice Mccoy', 'Lucius Ross', '4175252638', 'jexufuvib@mailinator.com', '07-Jan-1990', 'Sit dolor commodo vo', '33', '5', 258147, '', 'LD9NyA', '1', NULL, NULL, NULL, NULL, '2022-09-15 07:12:01'),
(52, '683611', '47', 'Upton Farmer', 'stu000038', '4', '2', '36', '3', 'Xerxes Wood', 'Tate Rios', '1567235842', 'qubopuvec@mailinator.com', '05-Jul-1972', 'Veniam doloribus to', '20', '3', 369258, '', 'm4oRhn', '1', NULL, NULL, NULL, NULL, '2022-09-15 07:12:18'),
(53, '683611', '48', 'Riley Wyatt', 'stu000039', '4', '2', '646', '3', 'Luke Mendoza', 'Price Sampson', '2384726155', 'nuget@mailinator.com', '26-May-1992', 'Deserunt sed dolore ', '8', '13', 258142, '', 'qDvY3U', '1', NULL, NULL, NULL, NULL, '2022-09-15 07:12:37'),
(54, '683611', '49', 'Danielle Franco', 'stu000040', '4', '2', '626', '2', 'Valentine Ward', 'Neville Sutton', '2234167855', 'venoqynuh@mailinator.com', '24-Dec-2014', 'Illum excepteur vel', '29', '9', 654214, '', '23rf1T', '1', NULL, NULL, NULL, NULL, '2022-09-15 07:12:57'),
(55, '683611', '50', 'Shoshana Padilla', 'stu000041', '5', '1', '84', '2', 'Unity James', 'Callie Walter', '5542378612', 'humuf@mailinator.com', '20-Feb-1981', 'Voluptatem Incididu', '23', '9', 654215, '', 's4MlvP', '1', 'rNCWpy40ce58hlt6P72wZaxvuBbVg01F0kOIQziq', '', NULL, NULL, '2022-09-15 07:13:15'),
(56, '683611', '51', 'Riley James', 'stu000042', '5', '1', '801', '1', 'Rooney Horne', 'India House', '4685275231', 'xajezip@mailinator.com', '26-Apr-1999', 'A quae aspernatur et', '1', '17', 369521, '', 'r4e7Hf', '1', NULL, NULL, NULL, NULL, '2022-09-15 07:13:35'),
(57, '683611', '52', 'Jason Shelton', 'stu000043', '5', '1', '564', '2', 'Phoebe Roach', 'Akeem Head', '5812467523', 'cazifipugy@mailinator.com', '15-Oct-1982', 'Error suscipit adipi', '23', '17', 366251, '', '5xMnLs', '1', NULL, NULL, NULL, NULL, '2022-09-15 07:13:52'),
(58, '683611', '53', 'Dennis Cardenas', 'stu000044', '5', '2', '376', '2', 'Linus Gordon', 'Katell Melendez', '4216538725', 'nywydy@mailinator.com', '25-Apr-1997', 'Culpa aute molestias', '27', '3', 541251, '', 'IU0z38', '1', NULL, NULL, NULL, NULL, '2022-09-15 07:14:09'),
(59, '683611', '54', 'Zahir Garrett', 'stu000045', '5', '2', '784', '1', 'Hamilton Watson', 'Lamar Flynn', '3552284167', 'hytonot@mailinator.com', '07-Feb-1981', 'Labore unde non volu', '23', '2', 963254, '', '7cbOTV', '1', NULL, NULL, NULL, NULL, '2022-09-15 07:14:27'),
(60, '683611', '55', 'Bradley Ratliff', 'stu000046', '5', '2', '604', '3', 'Daria Hamilton', 'Tatum Vance', '8413527562', 'gebuka@mailinator.com', '06-May-2019', 'Autem dolorum sed si', '31', '5', 369584, '', 't6kTFl', '1', NULL, NULL, NULL, NULL, '2022-09-15 07:14:43'),
(61, '683611', '56', 'Daphne Landry', 'stu000047', '6', '1', '21', '3', 'Aileen Shields', 'Azalia Justice', '8413527562', 'gowud@mailinator.com', '25-Jun-1979', 'Repellendus Alias e', '10', '7', 258451, '', 't6kTFl', '1', NULL, NULL, NULL, NULL, '2022-09-15 07:15:12'),
(62, '683611', '57', 'Juned Ahmed', 'stu000048', '6', '1', '9', '1', 'Zane Gould', 'Brent Delacruz', '2155286347', 'mihuqojixa@mailinator.com', '21-Dec-1974', 'Consectetur pariatur', '1', '1', 369582, 'img-stu000048-1663999132630-01873773en_Masterfile.jpg', '5nbIu0', '1', '793sRAEZWHNc75VBolIjy10xGiupwqaP58CgSULd', 'd-gZYTvKQgOJ-Bc__Du8Xh:APA91bFOzVxVwCqN-r8-GSRbuUU3Du2hmw0LacMAkEaeNTmIIcn_upnoU1vZTKIN0qAaOl7VBCHm8eRg1t9hhgI7Mj2ZdcyUURsH8pvNmv-xUN7Po4Tn_0zAu20N2SRRUOC0Q8KJWjdJ', NULL, NULL, '2022-09-15 07:15:30'),
(63, '683611', '58', 'Unity Morrison', 'stu000049', '6', '1', '468', '1', 'Summer Thomas', 'Wanda Joseph', '7361252845', 'mawyl@mailinator.com', '22-Oct-1998', 'Mollitia in excepteu', '31', '13', 654251, '', 'P0qnN6', '1', NULL, NULL, NULL, NULL, '2022-09-15 07:15:46'),
(64, '683611', '59', 'Breanna Mejia', 'stu000050', '6', '2', '93', '1', 'Kameko Jefferson', 'Yen Walker', '1253567824', 'mulana@mailinator.com', '23-Aug-1990', 'Obcaecati eveniet d', '22', '17', 369258, '', 'z3hHy5', '1', NULL, NULL, NULL, NULL, '2022-09-15 07:16:02'),
(65, '683611', '60', 'Harding Pratt', 'stu000051', '6', '2', '177', '2', 'Willow Berger', 'Eugenia Cleveland', '4571262853', 'xobicaseq@mailinator.com', '16-Jun-1974', 'Proident tempore e', '26', '8', 369258, '', 'rYcR1m', '1', NULL, NULL, NULL, NULL, '2022-09-15 07:16:21'),
(66, '683611', '61', 'Deacon Levine', 'stu000052', '6', '2', '683', '3', 'Sebastian Galloway', 'Madison Love', '5546372821', 'neruq@mailinator.com', '19-Dec-1975', 'Eum ad repudiandae v', '26', '9', 369258, '', 'vx9ZID', '1', NULL, NULL, NULL, NULL, '2022-09-15 07:16:39'),
(67, '683611', '62', 'Quinn Morgan', 'stu000053', '7', '1', '713', '1', 'Rafael Mcdonald', 'Liberty Wilson', '8463275215', 'furole@mailinator.com', '20-May-2003', 'Vel mollit adipisici', '20', '8', 258147, '', '75kDr1', '1', NULL, NULL, NULL, NULL, '2022-09-15 07:17:09'),
(68, '683611', '63', 'Yoko Juarez', 'stu000054', '7', '1', '4', '3', 'Michael Harmon', 'Shay Mercer', '8463275215', 'fipaj@mailinator.com', '08-Oct-1996', 'Tempora obcaecati qu', '23', '17', 258415, '', '75kDr1', '1', NULL, NULL, NULL, NULL, '2022-09-15 07:17:28'),
(69, '683611', '64', 'Libby Irwin', 'stu000055', '7', '1', '998', '3', 'Tanner Day', 'Murphy Pearson', '5362812574', 'refutovew@mailinator.com', '09-Aug-1982', 'Cupiditate similique', '31', '4', 258541, '', 'LOK317', '1', NULL, NULL, NULL, NULL, '2022-09-15 07:17:47'),
(70, '683611', '65', 'Wayne Whitfield', 'stu000056', '7', '2', '228', '3', 'Lucius Barker', 'Tyler Burke', '2186575324', 'qusali@mailinator.com', '23-Apr-1970', 'Accusamus eius quas ', '26', '13', 546251, '', 'GxwKTW', '1', NULL, NULL, NULL, NULL, '2022-09-15 07:18:13'),
(71, '683611', '66', 'Joel Robles', 'stu000057', '7', '2', '140', '1', 'Indira Ayala', 'Christian Jimenez', '2432517685', 'kamal@mailinator.com', '22-Dec-1996', 'Adipisci aut cillum ', '14', '3', 987541, '', 'ydP7Oh', '1', NULL, NULL, NULL, NULL, '2022-09-15 07:18:53'),
(72, '683611', '67', 'Lucas Harris', 'stu000058', '7', '2', '247', '1', 'Carly White', 'Gary Wilcox', '5274612583', 'poguhozova@mailinator.com', '03-Dec-2006', 'Quibusdam ea debitis', '29', '17', 369582, '', 'cH4SFO', '1', NULL, NULL, NULL, NULL, '2022-09-15 07:19:11'),
(73, '683611', '68', 'Elvis Palmer', 'stu000059', '8', '1', '481', '1', 'Rhona Hicks', 'Quentin Browning', '6214783255', 'reta@mailinator.com', '31-Oct-1995', 'Dolores ipsum et in ', '26', '7', 654987, '', 'M9mJeS', '1', NULL, NULL, NULL, NULL, '2022-09-15 07:19:28'),
(74, '683611', '69', 'Blythe Dorsey', 'stu000060', '8', '1', '235', '3', 'Tyler Meyer', 'Sage Adams', '8156725324', 'teku@mailinator.com', '02-Apr-2002', 'Irure aut officia qu', '13', '13', 987548, '', 'E948FZ', '1', NULL, NULL, NULL, NULL, '2022-09-15 07:19:45'),
(75, '683611', '70', 'Price Page', 'stu000061', '8', '1', '3', '2', 'Keegan Haley', 'Melanie Cantrell', '7248615235', 'qoryda@mailinator.com', '17-Jun-1984', 'Laboriosam harum pr', '33', '14', 888999, '', 'wEr4CQ', '1', NULL, NULL, NULL, NULL, '2022-09-15 07:20:05'),
(76, '683611', '71', 'September Guthrie', 'stu000062', '8', '2', '876', '2', 'Courtney Monroe', 'Guy Burch', '2348612755', 'pevyvo@mailinator.com', '14-Feb-1992', 'Omnis nihil eos iste', '30', '7', 987654, '', '0HVMW7', '1', NULL, NULL, NULL, NULL, '2022-09-15 07:20:23'),
(77, '683611', '72', 'Nevada Downs', 'stu000063', '8', '2', '916', '1', 'Virginia Contreras', 'Helen Gentry', '7242651835', 'baqorovet@mailinator.com', '03-Jul-1977', 'Illum iusto neque n', '12', '1', 987548, '', 'jD4QBd', '1', NULL, NULL, NULL, NULL, '2022-09-15 07:20:42'),
(78, '683611', '73', 'Quinn Hicks', 'stu000064', '8', '2', '296', '3', 'Melvin Carr', 'Donna Lane', '6437215258', 'bipy@mailinator.com', '21-Jun-2013', 'Ratione fuga Quidem', '19', '14', 987854, '', '0iF7AM', '1', NULL, NULL, NULL, NULL, '2022-09-15 07:21:03'),
(79, '683611', '74', 'Celeste Preston', 'stu000065', '9', '1', '264', '1', 'Wayne Lamb', 'Alden Stephenson', '8452712536', 'neminox@mailinator.com', '11-May-2006', 'Cillum aliquam paria', '10', '17', 987854, '', '7HFzmZ', '1', NULL, NULL, NULL, NULL, '2022-09-15 07:21:24'),
(80, '683611', '75', 'Wesley Ramirez', 'stu000066', '9', '1', '656', '3', 'Arsenio Kramer', 'Danielle Hoover', '5819562473', 'cogiqe@mailinator.com', '31-Mar-2015', 'Velit a ea officiis ', '27', '13', 987658, '', 'VT2Ges', '1', NULL, NULL, NULL, NULL, '2022-09-15 07:22:22'),
(81, '683611', '76', 'Hamish Sherman', 'stu000067', '9', '1', '930', '3', 'Audrey Bell', 'Jack Walton', '2381945567', 'beragy@mailinator.com', '23-Mar-1993', 'Dicta eos quam nulla', '20', '9', 999666, '', 'fAm12O', '1', NULL, NULL, NULL, NULL, '2022-09-15 07:22:42'),
(82, '683611', '77', 'Quail Parks', 'stu000068', '9', '2', '646', '2', 'Kiona Conley', 'Risa Mitchell', '1236975485', 'bygedon@mailinator.com', '04-Dec-2005', 'Maiores dolor proide', '11', '17', 963258, '', 'gSNl7G', '1', NULL, NULL, NULL, NULL, '2022-09-15 07:23:01'),
(83, '683611', '78', 'Gannon Gaines', 'stu000069', '9', '2', '844', '1', 'Talon Stein', 'Ila Cardenas', '9815473562', 'soseci@mailinator.com', '06-Sep-1993', 'Laborum Quidem sit', '30', '4', 986595, '', 'f9Vv4J', '1', NULL, NULL, NULL, NULL, '2022-09-15 07:23:23'),
(84, '683611', '79', 'Hedda Huff', 'stu000070', '9', '2', '505', '2', 'Lacy Barrett', 'Marvin Ross', '3685952471', 'qevupa@mailinator.com', '27-Dec-1977', 'Sapiente rem quidem ', '13', '14', 352530, '', 'HFftpq', '1', NULL, NULL, NULL, NULL, '2022-09-15 07:23:48'),
(85, '683611', '80', 'Celeste Patel', 'stu000071', '10', '1', '97', '2', 'Signe Ashley', 'Mary Small', '3482571569', 'roziraga@mailinator.com', '06-Feb-2000', 'Excepteur elit sed ', '8', '7', 369258, '', 'djlB8S', '1', NULL, NULL, NULL, NULL, '2022-09-15 07:24:10'),
(86, '683611', '81', 'Grant Nash', 'stu000072', '10', '1', '281', '1', 'Miriam Santana', 'Cheyenne Tyson', '9453267158', 'coke@mailinator.com', '06-Dec-1970', 'Lorem placeat volup', '24', '7', 987654, '', 'ubRa2c', '1', NULL, NULL, NULL, NULL, '2022-09-15 07:24:29'),
(87, '683611', '82', 'Kessie Wolf', 'stu000073', '10', '1', '446', '3', 'Kathleen Mccarthy', 'Amity Chase', '2597453186', 'defonelu@mailinator.com', '05-Apr-1987', 'Recusandae Ducimus', '1', '1', 987987, '', 'sDIOeL', '1', NULL, NULL, NULL, NULL, '2022-09-15 07:24:53'),
(88, '683611', '83', 'Hadassah Barrett', 'stu000074', '10', '2', '813', '2', 'Anika Lewis', 'Amelia Shepherd', '5276531489', 'cecy@mailinator.com', '04-Apr-2015', 'Quis commodi qui dol', '11', '16', 987856, '', 'k65YZn', '1', NULL, NULL, NULL, NULL, '2022-09-15 07:25:10'),
(89, '683611', '84', 'Harper Mercer', 'stu000075', '10', '2', '360', '3', 'Chava Bright', 'Edan Cannon', '6592187435', 'moqu@mailinator.com', '04-Dec-1982', 'In aspernatur magni ', '24', '9', 987584, '', 'vKPr46', '1', NULL, NULL, NULL, NULL, '2022-09-15 07:25:31'),
(90, '683611', '85', 'Donna Romero', 'stu000076', '10', '2', '649', '2', 'Prescott Bullock', 'Scarlet Head', '8455629713', 'nepa@mailinator.com', '11-Jul-1987', 'Aut cumque rerum non', '30', '2', 845562, '', '8iUvJ7', '1', NULL, NULL, NULL, NULL, '2022-09-15 07:25:50'),
(91, '683611', '86', 'Fredericka Wallace', 'stu000077', '11', '1', '930', '2', 'Regina Poole', 'Harriet Kramer', '3916455827', 'fevy@mailinator.com', '06-Feb-2007', 'Et ut et cillum corp', '19', '5', 987854, '', 'oOBqtn', '1', NULL, NULL, NULL, NULL, '2022-09-15 07:27:22'),
(92, '683611', '87', 'Forrest Horton', 'stu000078', '11', '1', '231', '3', 'Charles Mcgowan', 'Yuri Martinez', '5849765213', 'pedeha@mailinator.com', '23-Nov-2008', 'Minima vel aute et s', '2', '17', 584976, '', 'At1Clh', '1', NULL, NULL, NULL, NULL, '2022-09-15 07:27:43'),
(93, '683611', '88', 'Sonya West', 'stu000079', '11', '1', '977', '2', 'Lillith Benjamin', 'Kylie Odonnell', '2561735498', 'cukogula@mailinator.com', '01-Dec-1979', 'Voluptatibus ducimus', '11', '9', 256173, '', '6fG6NC', '1', NULL, NULL, NULL, NULL, '2022-09-15 07:28:02'),
(94, '683611', '89', 'Quinlan Wise', 'stu000080', '11', '2', '600', '3', 'Halla Warren', 'Maisie Nixon', '3294758165', 'venoka@mailinator.com', '29-May-1990', 'Et est enim amet i', '32', '14', 329475, '', 'I4zas9', '1', NULL, NULL, NULL, NULL, '2022-09-15 07:28:21'),
(95, '683611', '90', 'Dana Oneil', 'stu000081', '11', '2', '452', '3', 'Belle House', 'Desirae Garner', '5716248359', 'gowawy@mailinator.com', '20-Aug-1974', 'Fugit consectetur ', '11', '17', 571624, '', 'HYSj5O', '1', NULL, NULL, NULL, NULL, '2022-09-15 07:28:38'),
(96, '683611', '91', 'Camden Morin', 'stu000082', '11', '2', '132', '1', 'Cally Bradford', 'Maxwell Miranda', '7524689513', 'fujufo@mailinator.com', '04-Mar-1983', 'Tempora harum magna ', '30', '6', 752468, '', 'NwDZ21', '1', NULL, NULL, NULL, NULL, '2022-09-15 07:28:57'),
(97, '683611', '92', 'Axel Molina', 'stu000083', '12', '1', '302', '1', 'Kaitlin Talley', 'Aline Hood', '9572658143', 'dejuhy@mailinator.com', '12-Jan-2003', 'Excepturi iure unde ', '23', '6', 957265, '', '4qGIVb', '1', NULL, NULL, NULL, NULL, '2022-09-15 07:29:18'),
(98, '683611', '93', 'Aspen Gomez', 'stu000084', '12', '1', '268', '3', 'Brent Anthony', 'Dillon Cote', '9245316857', 'qokuqywi@mailinator.com', '05-May-2012', 'Quo in duis officia ', '5', '2', 924531, '', 'xRkESQ', '1', NULL, NULL, NULL, NULL, '2022-09-15 07:29:36'),
(99, '683611', '94', 'Donovan Mckenzie', 'stu000085', '12', '1', '502', '3', 'Pearl Frazier', 'Amery Bruce', '8321657495', 'bunyk@mailinator.com', '29-Jul-2000', 'Mollit voluptatum al', '22', '1', 832165, '', 'sS3K7p', '1', NULL, NULL, NULL, NULL, '2022-09-15 07:29:57'),
(100, '683611', '95', 'Blaze Turner', 'stu000086', '12', '2', '387', '1', 'Steel Hanson', 'Talon Goff', '5274358916', 'delyjyry@mailinator.com', '25-Jul-1994', 'Cupidatat eaque dolo', '25', '16', 527435, '', '1R88uU', '1', NULL, NULL, NULL, NULL, '2022-09-15 07:30:18'),
(101, '683611', '96', 'Dakota Mclean', 'stu000087', '12', '2', '410', '1', 'Alan Nelson', 'Dieter Shepard', '3455971682', 'vesevyj@mailinator.com', '17-Feb-1993', 'Quibusdam alias est', '2', '6', 345597, '', 'Hd04Mk', '1', NULL, NULL, NULL, NULL, '2022-09-15 07:30:42'),
(102, '683611', '97', 'Sybill Blankenship', 'stu000088', '12', '2', '375', '2', 'Aaron Sellers', 'Charde Levine', '3455971682', 'byxuje@mailinator.com', '08-Jun-1971', 'Magni quis voluptate', '15', '1', 345597, '', 'Hd04Mk', '1', NULL, NULL, NULL, NULL, '2022-09-15 07:31:04'),
(103, '683611', '98', 'Eaton Buckner', 'stu000089', '13', '1', '724', '3', 'Lani Brewer', 'Reed Albert', '7623519854', 'juvonofeg@mailinator.com', '20-Oct-1985', 'Voluptas incididunt ', '10', '7', 762351, '', '2SvP34', '1', NULL, NULL, NULL, NULL, '2022-09-15 07:31:24'),
(104, '683611', '99', 'Irene Watkins', 'stu000090', '13', '1', '807', '3', 'Adam Benjamin', 'Lenore Newton', '9278145365', 'jogybeco@mailinator.com', '12-Nov-2013', 'Nostrum ad sint even', '18', '3', 927814, '', '41jXuV', '1', NULL, NULL, NULL, NULL, '2022-09-15 07:31:45'),
(105, '683611', '100', 'Philip Sampson', 'stu000091', '13', '1', '392', '1', 'Nicole Dawson', 'Mufutau Bates', '7234156859', 'golocysy@mailinator.com', '31-Aug-2017', 'Commodo in ut qui eu', '19', '5', 723415, '', 'pHO74J', '1', NULL, NULL, NULL, NULL, '2022-09-15 07:32:05'),
(106, '683611', '101', 'Ella Prince', 'stu000092', '13', '2', '566', '3', 'Ava Swanson', 'Grant Meyers', '7652314589', 'juzu@mailinator.com', '12-Mar-1998', 'Magna aperiam occaec', '15', '1', 765231, '', '9M2REw', '1', NULL, NULL, NULL, NULL, '2022-09-15 07:32:28'),
(107, '683611', '102', 'Lavinia Hobbs', 'stu000093', '13', '2', '579', '3', 'Lysandra Brewer', 'Owen Kerr', '1582734659', 'pijov@mailinator.com', '20-Jul-1986', 'Mollit commodi place', '18', '9', 158273, '', '1YCUZm', '1', NULL, NULL, NULL, NULL, '2022-09-15 07:32:46'),
(108, '683611', '103', 'Emi Maddox', 'stu000094', '13', '2', '48', '2', 'Cheyenne Figueroa', 'Randall Barnes', '1765429583', 'sibat@mailinator.com', '29-Mar-2015', 'Error id ex obcaecat', '11', '2', 176542, '', 'h9u4FP', '1', NULL, NULL, NULL, NULL, '2022-09-15 07:33:09'),
(109, '683611', '104', 'Emerald Frazier', 'stu000095', '14', '10', '994', '3', 'Lunea Vinson', 'Whitney Hayes', '1326478559', 'vitizofi@mailinator.com', '15-May-1991', 'Est aut corporis sed', '26', '4', 132647, '', 'w46t7B', '1', NULL, NULL, NULL, NULL, '2022-09-15 07:34:02'),
(110, '683611', '105', 'Tyrone Shepard', 'stu000096', '14', '10', '841', '1', 'Marny Carter', 'Brody Mclean', '9763185254', 'haverezaf@mailinator.com', '03-Jul-1982', 'Sint voluptatem Qua', '18', '6', 976318, '', 'zmjYbh', '1', NULL, NULL, NULL, NULL, '2022-09-15 07:34:21'),
(111, '683611', '106', 'Iona Allison', 'stu000097', '14', '10', '178', '3', 'Willow Mcneil', 'Henry Gentry', '7214536985', 'hyzaw@mailinator.com', '07-Dec-1986', 'Obcaecati voluptatem', '21', '3', 721453, '', '7jm6o2', '1', NULL, NULL, NULL, NULL, '2022-09-15 07:34:36'),
(112, '683611', '107', 'Nathaniel Edwards', 'stu000098', '14', '11', '907', '3', 'Jillian Dodson', 'Vladimir Peterson', '6821359745', 'wefe@mailinator.com', '31-Aug-1974', 'Nulla laboris ut sun', '14', '8', 682135, '', 'npY06I', '1', NULL, NULL, NULL, NULL, '2022-09-15 07:34:56'),
(113, '683611', '108', 'Cheryl Stevens', 'stu000099', '14', '11', '124', '1', 'Leilani English', 'Nayda Wall', '1256835479', 'jowoko@mailinator.com', '08-Dec-1973', 'Qui officiis dolore ', '5', '16', 125683, '', 'BM9V02', '1', NULL, NULL, NULL, NULL, '2022-09-15 07:35:13'),
(114, '683611', '109', 'May Bolton', 'stu0000100', '14', '11', '810', '2', 'Carter Watts', 'Elton Hansen', '4631985257', 'culetop@mailinator.com', '04-May-1997', 'Qui elit ullam non ', '15', '16', 463198, '', 'TtcdDO', '1', NULL, NULL, NULL, NULL, '2022-09-15 07:35:30'),
(115, '683611', '110', 'Kirk Adams', 'stu0000101', '14', '12', '631', '1', 'Yoko Robbins', 'Nita Schwartz', '4287913556', 'rilaz@mailinator.com', '05-May-1999', 'Est ea dolore qui t', '1', '17', 428791, '', 'HAj4M2', '1', NULL, NULL, NULL, NULL, '2022-09-15 07:35:49'),
(116, '683611', '111', 'Kim Estes', 'stu0000102', '14', '12', '321', '2', 'Alma Henson', 'Kimberley Davidson', '5618723495', 'zaqakigov@mailinator.com', '09-Jul-1979', 'Aut distinctio Sed ', '21', '7', 561872, '', '43Sf0u', '1', NULL, NULL, NULL, NULL, '2022-09-15 07:36:08'),
(117, '683611', '112', 'Kiona Buckner', 'stu0000103', '14', '12', '357', '1', 'Gage Stone', 'Kenyon Johns', '8139246557', 'poso@mailinator.com', '04-Sep-1989', 'Ea et quas alias vol', '26', '2', 813924, '', 'wM3WO3', '1', NULL, NULL, NULL, NULL, '2022-09-15 07:36:26'),
(118, '683611', '113', 'Keiko Page', 'stu0000104', '14', '13', '85', '1', 'Shafira Mullen', 'Ralph Pratt', '4257138569', 'vyzy@mailinator.com', '14-Apr-1999', 'Ullamco id reprehen', '5', '16', 425713, '', '1gc44T', '1', NULL, NULL, NULL, NULL, '2022-09-15 07:36:45'),
(119, '683611', '114', 'Winifred Schmidt', 'stu0000105', '14', '13', '274', '1', 'Grant Hickman', 'Helen Suarez', '5379418256', 'cizynuqan@mailinator.com', '20-Jun-1975', 'Nihil velit quae et ', '31', '13', 537941, '', '5Ns1fw', '1', NULL, NULL, NULL, NULL, '2022-09-15 07:37:00'),
(120, '683611', '115', 'Colin Montoya', 'stu0000106', '14', '13', '489', '2', 'Nyssa Harris', 'Gillian Hooper', '2735485916', 'cuvu@mailinator.com', '06-Oct-2003', 'Nulla non cumque eiu', '15', '3', 273548, '', 'dUghOY', '1', NULL, NULL, NULL, NULL, '2022-09-15 07:37:17'),
(121, '683611', '116', 'Darius Sanford', 'stu0000107', '15', '10', '500', '2', 'Palmer Dalton', 'Autumn Bryan', '5369845127', 'fymu@mailinator.com', '04-Sep-1991', 'Qui libero at labori', '31', '5', 536984, '', '8pUJx7', '1', NULL, NULL, NULL, NULL, '2022-09-15 07:37:35'),
(122, '683611', '117', 'Odette Bowman', 'stu0000108', '15', '10', '996', '3', 'Alana Oneal', 'Erica Guerra', '4125895736', 'dyricy@mailinator.com', '19-Feb-2000', 'Nisi possimus exped', '2', '7', 412589, '', 'MLr2TN', '1', NULL, NULL, NULL, NULL, '2022-09-15 07:37:58'),
(123, '683611', '118', 'Cassidy Gray', 'stu0000109', '15', '10', '621', '1', 'Autumn Blankenship', 'Ava Valenzuela', '5394687521', 'wanoji@mailinator.com', '23-Oct-2000', 'Quia anim quo in inv', '29', '2', 539468, '', '9VO1L7', '1', NULL, NULL, NULL, NULL, '2022-09-15 07:38:58'),
(124, '683611', '119', 'Gregory Morrow', 'stu0000110', '15', '11', '161', '1', 'Melissa Levine', 'Barclay Bright', '9154368527', 'divevoz@mailinator.com', '01-Feb-2002', 'Laborum accusamus di', '33', '4', 915436, '', 'W8N54v', '1', NULL, NULL, NULL, NULL, '2022-09-15 07:39:58'),
(125, '683611', '120', 'Garth Fisher', 'stu0000111', '15', '11', '565', '1', 'Uma Henderson', 'Hayley Harmon', '9556281734', 'dyrejot@mailinator.com', '01-Oct-1997', 'Consequatur dignissi', '2', '14', 955621, '', '9jVwc9', '1', NULL, NULL, NULL, NULL, '2022-09-15 07:45:34'),
(126, '683611', '121', 'Pearl Flynn', 'stu0000112', '15', '11', '397', '1', 'Raja William', 'Martina Velasquez', '4598231765', 'cigak@mailinator.com', '22-Apr-1994', 'Labore debitis ut ne', '5', '2', 459823, '', '594HPt', '1', NULL, NULL, 1, 7, '2022-09-15 07:45:53'),
(127, '683611', '122', 'Graham Travis', 'stu0000113', '15', '12', '996', '2', 'Cade Clarke', 'Jamal White', '7655423891', 'muhohynym@mailinator.com', '11-May-2016', 'Rerum exercitationem', '11', '9', 765542, '', 'tQsYIE', '1', 'upbfAvF6lOK5z4G49RS96N2j4imdqegHUkcDT0EX', 'fQzJ73-YT96O5WRdEL94fX:APA91bHuHmiKYSXm2RQ9FJokJOLHp3yVBCX_N1eG30YxgYJOoGkUTyZlXLCAJdj_kITKEqkcXuZcCFCZhhyY_EJYVKSKROA-NOqwDD3oGOheQ7Pt6oPvZEbrrBEfnCz5-P49X85FmeGp', NULL, NULL, '2022-09-15 07:46:11'),
(128, '683611', '123', 'Jena Marquez', 'stu0000114', '15', '12', '170', '1', 'Chancellor Cohen', 'Beau Norman', '6895325417', 'hykomocudo@mailinator.com', '31-Jul-2010', 'Ipsum aute cillum am', '20', '7', 689532, '', '1LWF86', '1', NULL, NULL, NULL, NULL, '2022-09-15 07:46:31'),
(129, '683611', '124', 'Keelie Kline', 'stu0000115', '15', '12', '890', '1', 'Hedley Kinney', 'Sierra Navarro', '3125465879', 'gele@mailinator.com', '23-Jul-2022', 'Vitae pariatur Labo', '5', '5', 312546, '', 'n14Ytc', '1', NULL, NULL, NULL, NULL, '2022-09-15 09:54:56'),
(130, '683611', '125', 'Zahir Mendoza', 'stu0000116', '15', '13', '83', '2', 'Jorden Tyson', 'Jenna Harrison', '5415639872', 'puduxygar@mailinator.com', '03-Mar-1970', 'In ipsa dolore esse', '2', '5', 541563, '', 'zJoLbd', '1', NULL, NULL, NULL, NULL, '2022-09-15 09:55:17'),
(131, '683611', '126', 'Teagan Norton', 'stu0000117', '15', '10', '144', '2', 'Galena Hendricks', 'Ora Fletcher', '5851932746', 'malusevypu@mailinator.com', '09-Jan-1989', 'Autem est voluptati', '23', '16', 585193, '', 'p04Ycs', '1', NULL, NULL, NULL, NULL, '2022-09-15 09:55:41'),
(132, '683611', '127', 'Holmes Huff', 'stu0000118', '15', '13', '841', '3', 'Teagan Walter', 'Reuben Rodriquez', '8435215769', 'menumotoh@mailinator.com', '14-Jun-2006', 'Rerum dolores nihil ', '29', '13', 843521, '', 'T7pb4L', '1', NULL, NULL, NULL, NULL, '2022-09-15 09:56:01'),
(133, '683611', '128', 'Nayda Cervantes', 'stu0000119', '15', '13', '680', '3', 'Whoopi Butler', 'Maris Carey', '5675318942', 'zohufaru@mailinator.com', '08-Feb-2014', 'Labore qui accusanti', '24', '3', 567531, '', '2oVU2x', '1', NULL, NULL, NULL, NULL, '2022-09-15 09:57:02'),
(134, '683611', '129', 'Myles Franco', 'stu0000120', '14', '13', '80', '2', 'Howard Sweet', 'Grant Beck', '1354752968', 'sadily@mailinator.com', '04-Feb-1997', 'Ut qui sunt aut ipsu', '1', '14', 135475, '', '8V23Yj', '1', NULL, NULL, NULL, NULL, '2022-09-15 09:58:26'),
(135, '683611', '130', 'Amos Holder', 'stu0000121', '14', '13', '234', '1', 'Sloane Wong', 'Gannon Hyde', '2174358956', 'qofavyzi@mailinator.com', '11-Jun-1996', 'Quisquam qui aut vol', '5', '5', 217435, '', 'QLcw46', '1', NULL, NULL, NULL, NULL, '2022-09-15 09:59:20'),
(136, '683611', '131', 'Ferris Oneal', 'stu0000122', '14', '13', '657', '2', 'Fatima Watson', 'Germaine Reese', '9283515674', 'wicac@mailinator.com', '22-Mar-1994', 'Earum omnis ducimus', '20', '5', 928351, '', 'IOAc5o', '1', NULL, NULL, NULL, NULL, '2022-09-15 10:00:25'),
(137, '683611', '132', 'George Cline', 'stu0000123', '14', '13', '248', '3', 'Rachel Whitfield', 'Zoe Kinney', '8565729413', 'fiqaxehex@mailinator.com', '03-Apr-1975', 'Irure omnis explicab', '1', '14', 856572, '', '3rZfH7', '1', NULL, NULL, NULL, NULL, '2022-09-15 10:00:46'),
(138, '683611', '133', 'Addison Pittman', 'stu0000124', '14', '13', '435', '3', 'Cade Kline', 'Rhiannon Meadows', '4926578351', 'zipylugofu@mailinator.com', '04-Aug-1997', 'Incididunt facere do', '26', '1', 492657, '', 'Q6ieRS', '1', NULL, NULL, NULL, NULL, '2022-09-15 10:01:04'),
(139, '683611', '134', 'Calvin Eaton', 'stu0000125', '14', '13', '621', '2', 'Amity Hardy', 'Anastasia Johnson', '5916345782', 'hygi@mailinator.com', '08-Jun-2003', 'Aute rerum dolores m', '23', '17', 591634, '', 'NOPDAk', '1', NULL, NULL, NULL, NULL, '2022-09-15 10:01:19'),
(140, '683611', '135', 'Galena Strong', 'stu0000126', '14', '13', '138', '2', 'Joel Lopez', 'Hakeem Kaufman', '7485231596', 'baqedolan@mailinator.com', '17-Sep-2002', 'Atque qui dolorem ei', '1', '1', 748523, '', '6hXqaC', '1', NULL, NULL, NULL, NULL, '2022-09-15 10:01:36'),
(141, '683611', '136', 'Phillip Horn', 'stu0000127', '14', '13', '470', '3', 'Hop Rios', 'Lesley Morales', '1379645528', 'fubaki@mailinator.com', '06-Apr-2016', 'Aliquam est volupta', '22', '17', 137964, '', '9mb4GC', '1', NULL, NULL, NULL, NULL, '2022-09-15 10:01:55'),
(142, '683611', '137', 'Megan Case', 'stu0000128', '14', '13', '685', '2', 'Ramona Galloway', 'Gabriel Shepherd', '4278965531', 'rovax@mailinator.com', '11-Jul-2018', 'Adipisicing enim con', '4', '2', 427896, '', '2UB124', '1', NULL, NULL, NULL, NULL, '2022-09-15 10:02:15'),
(143, '683611', '138', 'John Kirby', 'stu0000129', '14', '13', '413', '3', 'Aristotle Edwards', 'Cullen Wright', '1925453768', 'lokewazih@mailinator.com', '22-Oct-1985', 'In non cumque ipsa ', '6', '13', 192545, '', 'zRoY8u', '1', NULL, NULL, NULL, NULL, '2022-09-15 10:02:36'),
(144, '683611', '139', 'Brady Taylor', 'stu0000130', '14', '13', '318', '1', 'Garth Drake', 'Ria Vincent', '5412753698', 'begugavyk@mailinator.com', '18-Mar-1993', 'Earum ratione perfer', '15', '4', 541275, '', 'GS4769', '1', NULL, NULL, NULL, NULL, '2022-09-15 10:02:52'),
(145, '683611', '140', 'Frances Wong', 'stu0000131', '14', '13', '237', '2', 'Fleur Wagner', 'Bethany Nichols', '6351854279', 'zogokipu@mailinator.com', '14-Apr-1970', 'Pariatur Laudantium', '18', '16', 635185, '', 'Rv119L', '1', NULL, NULL, NULL, NULL, '2022-09-15 10:03:09'),
(146, '683611', '141', 'Xyla Montgomery', 'stu0000132', '14', '13', '562', '2', 'Xanthus Bright', 'Yeo Mcconnell', '2543895716', 'nelejymire@mailinator.com', '05-May-2000', 'Nulla aliqua Dolore', '32', '7', 254389, '', '5WPVrx', '1', NULL, NULL, NULL, NULL, '2022-09-15 10:03:28'),
(147, '683611', '142', 'Ahmed Patton', 'stu0000133', '14', '13', '153', '3', 'Yoko Welch', 'Bethany Schneider', '1623475895', 'coqybi@mailinator.com', '26-Jun-1980', 'Aut voluptatem Temp', '22', '5', 162347, '', 'aoUi45', '1', NULL, NULL, NULL, NULL, '2022-09-15 10:04:00'),
(148, '683611', '143', 'Craig Hayden', 'stu0000134', '14', '13', '359', '2', 'Kay Melendez', 'Jorden Montgomery', '9153762584', 'weras@mailinator.com', '19-Nov-1974', 'Excepteur quia cum v', '12', '1', 915376, '', 'r67QNH', '1', NULL, NULL, NULL, NULL, '2022-09-15 10:05:07'),
(149, '683611', '144', 'Blake Combs', 'stu0000135', '5', '2', '668', '1', 'Basil Trevino', 'Sigourney Strong', '2546598173', 'wibe@mailinator.com', '22-Mar-2019', 'Repudiandae fugit u', '13', '8', 254659, '', '0FVsfS', '1', NULL, NULL, NULL, NULL, '2022-09-15 10:05:20'),
(150, '683611', '145', 'Quinlan Hardy', 'stu0000136', '14', '13', '905', '1', 'Macy Durham', 'Gloria Cook', '3754825619', 'pepu@mailinator.com', '25-May-1978', 'Sed accusamus ullamc', '26', '14', 375482, '', 'pOvGdy', '1', NULL, NULL, NULL, NULL, '2022-09-15 10:05:41'),
(151, '683611', '146', 'Doris Johnston', 'stu0000137', '14', '13', '611', '2', 'Andrew Hester', 'Guinevere Mccormick', '3942568157', 'laxiku@mailinator.com', '19-Feb-2002', 'Facilis do exercitat', '9', '4', 394256, '', 'jWhnSA', '1', NULL, NULL, NULL, NULL, '2022-09-15 10:05:57'),
(152, '683611', '147', 'Anika Ayers', 'stu0000138', '14', '13', '304', '2', 'Hayfa Reilly', 'Chaney Vinson', '6514328795', 'wubywy@mailinator.com', '25-Dec-1989', 'Ut corrupti hic cum', '8', '17', 651432, '', 'Q9k3G4', '1', NULL, NULL, NULL, NULL, '2022-09-15 10:06:15'),
(153, '683611', '148', 'Amber Sullivan', 'stu0000139', '14', '13', '396', '3', 'Hector Ruiz', 'Rigel Patton', '2134756895', 'fixecax@mailinator.com', '26-Jan-2008', 'Quibusdam voluptate ', '28', '17', 213475, '', 'BgA6Sv', '1', NULL, NULL, NULL, NULL, '2022-09-15 10:06:31'),
(154, '683611', '149', 'Lareina Burgess', 'stu0000140', '14', '13', '969', '2', 'Duncan Winters', 'Hyatt Chang', '2357815496', 'myjoq@mailinator.com', '05-Jul-2012', 'Quidem dolor exercit', '32', '16', 235781, '', 'p425L7', '1', NULL, NULL, NULL, NULL, '2022-09-15 10:06:48'),
(155, '683611', '150', 'Phillip Miranda', 'stu0000141', '14', '13', '467', '1', 'Quinlan Stout', 'Odysseus Woodward', '9524785316', 'guxe@mailinator.com', '19-Feb-1994', 'Est esse fugiat sit', '29', '8', 998785, '', 'U7K8SI', '1', NULL, NULL, NULL, NULL, '2022-09-15 10:07:07'),
(156, '683611', '151', 'Joan Foster', 'stu0000142', '14', '13', '526', '2', 'Delilah Maynard', 'Kibo Crane', '5386451297', 'taryjuf@mailinator.com', '02-Jul-1972', 'Quaerat maiores sapi', '14', '8', 538645, '', 'ja24KD', '1', NULL, NULL, NULL, NULL, '2022-09-15 10:07:23'),
(157, '683611', '152', 'Aline Carey', 'stu0000143', '14', '13', '6', '2', 'Kim Preston', 'Baxter Pennington', '5482361795', 'nanin@mailinator.com', '25-Dec-1992', 'Ipsa est laboriosam', '11', '16', 548236, '', '831jbC', '1', NULL, NULL, NULL, NULL, '2022-09-15 10:07:40'),
(158, '683611', '153', 'Tasha Gaines', 'stu0000144', '14', '13', '801', '3', 'Dennis Weeks', 'Venus Leblanc', '4638152957', 'vyfuqihy@mailinator.com', '05-Jun-1991', 'Quia anim excepteur ', '19', '1', 463815, '', 'xMgEh7', '1', NULL, NULL, NULL, NULL, '2022-09-15 10:08:01'),
(159, '683611', '154', 'Jonas Downs', 'stu0000145', '14', '13', '663', '1', 'Colleen Bolton', 'Sheila Burt', '8621547359', 'mawadakulu@mailinator.com', '15-Mar-1993', 'Blanditiis esse nemo', '25', '13', 862154, '', 'jPXvL9', '1', NULL, NULL, NULL, NULL, '2022-09-15 10:10:53'),
(160, '683611', '155', 'Yasir Mullen', 'stu0000146', '14', '13', '388', '1', 'Kathleen Cooke', 'Isabella Yates', '5624319875', 'ladu@mailinator.com', '10-Sep-1984', 'Ducimus quis animi', '18', '14', 562431, '', '6jXivR', '1', NULL, NULL, NULL, NULL, '2022-09-15 10:11:09'),
(161, '683611', '156', 'Fulton Olson', 'stu0000147', '14', '13', '419', '1', 'Jolene Summers', 'Talon Parker', '8951275436', 'hilurofo@mailinator.com', '11-Dec-1999', 'Ipsam libero eiusmod', '13', '2', 895127, '', 'FTwt80', '1', NULL, NULL, NULL, NULL, '2022-09-15 10:11:24'),
(162, '683611', '157', 'Devin Turner', 'stu0000148', '14', '13', '552', '3', 'Cameran Santana', 'Jameson Buchanan', '3197552684', 'popenuxeky@mailinator.com', '21-Apr-2014', 'Velit consequatur a', '10', '14', 319755, '', 'r7BT8o', '1', NULL, NULL, NULL, NULL, '2022-09-15 10:11:39'),
(163, '683611', '158', 'Lyle Waller', 'stu0000149', '14', '13', '373', '2', 'Maxwell Sykes', 'Caldwell Hale', '9817562354', 'zyvofyn@mailinator.com', '03-Sep-1994', 'Distinctio Ea vel l', '23', '14', 981756, '', 'Stz9Ub', '1', NULL, NULL, NULL, NULL, '2022-09-15 10:11:53'),
(164, '683611', '159', 'Valentine Salazar', 'stu0000150', '14', '13', '887', '1', 'Duncan Pennington', 'Mariam Baxter', '9257415683', 'jeda@mailinator.com', '21-Nov-1979', 'Rem ut illum eiusmo', '1', '3', 925741, '', 'w20LJo', '1', NULL, NULL, NULL, NULL, '2022-09-15 10:12:08'),
(165, '683611', '160', 'Gloria Lane', 'stu0000151', '14', '13', '381', '1', 'Caleb Harvey', 'Rooney Glass', '5981456372', 'jylomos@mailinator.com', '05-Apr-1986', 'Quo voluptate non ve', '31', '1', 598145, '', 'yn0uU9', '1', NULL, NULL, 1, 1, '2022-09-15 10:12:23'),
(166, '683611', '161', 'Rahim Armstrong', 'stu0000152', '14', '13', '444', '2', 'Abraham Goodwin', 'Paul Pratt', '9879878548', 'peti@mailinator.com', '17-Jul-2021', 'Veniam voluptas cum', '1', '2', 963521, 'img-stu0000152-630-07071784en_Masterfile.jpg', 'BJ3Kho', '1', NULL, NULL, 2, 5, '2022-09-15 15:30:49');

-- --------------------------------------------------------

--
-- Table structure for table `subject`
--

CREATE TABLE `subject` (
  `id` int(11) NOT NULL,
  `schoolUniqueCode` varchar(100) NOT NULL,
  `subjectName` varchar(100) NOT NULL,
  `status` enum('1','2','3','4') NOT NULL DEFAULT '1',
  `created_at` timestamp NOT NULL DEFAULT CURRENT_TIMESTAMP
) ENGINE=InnoDB DEFAULT CHARSET=utf8mb4;

--
-- Dumping data for table `subject`
--

INSERT INTO `subject` (`id`, `schoolUniqueCode`, `subjectName`, `status`, `created_at`) VALUES
(1, '683611', 'Hindi', '1', '2022-08-21 07:52:34'),
(2, '683611', 'English', '1', '2022-08-21 07:52:34'),
(3, '683611', 'Maths', '1', '2022-08-21 07:52:34'),
(4, '683611', 'Science', '1', '2022-08-21 07:52:34'),
(5, '683611', 'Social Science', '1', '2022-08-21 07:52:34'),
(6, '683611', 'Sanskrit', '1', '2022-08-21 07:52:34'),
(7, '683611', 'Physics', '1', '2022-08-21 07:52:34'),
(8, '683611', 'Chemistry', '1', '2022-08-21 07:52:34'),
(9, '683611', 'Biology', '1', '2022-08-21 07:52:48'),
(10, '683611', 'Accounts', '1', '2022-08-21 07:52:48'),
(11, '683611', 'Business Studies', '1', '2022-09-03 12:25:53'),
(12, '724212', 'Hindi', '1', '2022-09-03 13:57:30'),
(13, '724212', 'English', '1', '2022-09-03 13:57:35'),
(14, '724212', 'Maths', '1', '2022-09-03 13:57:40');

-- --------------------------------------------------------

--
-- Table structure for table `teachers`
--

CREATE TABLE `teachers` (
  `id` int(11) NOT NULL,
  `schoolUniqueCode` varchar(100) NOT NULL,
  `u_qr_id` varchar(100) NOT NULL,
  `name` varchar(100) NOT NULL,
  `user_id` varchar(100) NOT NULL,
  `class_id` varchar(100) NOT NULL,
  `section_id` varchar(100) NOT NULL,
  `gender` varchar(100) NOT NULL,
  `mother_name` varchar(100) DEFAULT NULL,
  `father_name` varchar(100) DEFAULT NULL,
  `mobile` varchar(100) NOT NULL,
  `password` varchar(100) NOT NULL,
  `auth_token` varchar(255) DEFAULT NULL,
  `fcm_token` text,
  `vechicle_type` int(11) DEFAULT NULL,
  `driver_id` int(11) DEFAULT NULL,
  `email` varchar(100) DEFAULT NULL,
  `dob` varchar(100) DEFAULT NULL,
  `doj` varchar(100) NOT NULL,
  `address` varchar(255) NOT NULL,
  `state_id` varchar(100) NOT NULL,
  `city_id` varchar(100) NOT NULL,
  `pincode` varchar(100) NOT NULL,
  `image` varchar(255) DEFAULT NULL,
  `education` varchar(100) DEFAULT NULL,
  `experience` varchar(100) DEFAULT NULL,
  `status` enum('1','2','3','4') NOT NULL DEFAULT '1',
  `created_at` timestamp NOT NULL DEFAULT CURRENT_TIMESTAMP
) ENGINE=InnoDB DEFAULT CHARSET=utf8mb4;

--
-- Dumping data for table `teachers`
--

INSERT INTO `teachers` (`id`, `schoolUniqueCode`, `u_qr_id`, `name`, `user_id`, `class_id`, `section_id`, `gender`, `mother_name`, `father_name`, `mobile`, `password`, `auth_token`, `fcm_token`, `vechicle_type`, `driver_id`, `email`, `dob`, `doj`, `address`, `state_id`, `city_id`, `pincode`, `image`, `education`, `experience`, `status`, `created_at`) VALUES
(1, '683611', '9', 'Shivani Sharma', 'tec00001', '8', '1', '2', 'Sunita Devi', 'Birju Sharma', '3216549875', '', NULL, NULL, NULL, NULL, 'shivani147@gmail.com', '1995-07-06', '2020-03-20', 'Nehru Road', '1', '1', '250611', 'img-tec00001-630-01873594en_Masterfile.jpg', NULL, NULL, '1', '2022-08-13 04:18:44'),
(2, '683611', '10', 'Arjun Kapoor', 'tec00002', '14', '13', '1', 'Bano Kapoor', 'Amrith Kapoor', '9633695214', 'B2gD9t', 'yxKih7N974Cd0SX2lQgFRfztsPvA9o9mDnEukHMa', 'cshrEuu7SJWv_fTbUiA8Ye:APA91bFi3jKzxkc1ilRnYnfe7NLVQGwvShyOglNiVZsF5UHxXCMdNy4rxs3cMgyq-VRmpVrkoqfnNl0YT_QNpiKGapMkpjf1tWgVEtCpL6Vkjcg43X_WxLeMITtJdasXfhb3aPI9kepo', NULL, NULL, 'arjunK01@gmail.com', '1993-06-02', '2022-02-01', 'Near Nagar Palika', '1', '2', '250609', 'img-tec00002-Indian-school-t11791.jpg', NULL, NULL, '1', '2022-08-13 04:24:44'),
(3, '683611', '', 'Jhonny', 'tec00003', '14', '13', '1', 'Kamla ', 'Vimal', '3692582154', 'D7wySb', 'DzdFMv0OrmQqI15oke8l8b37BAytjwfsgG63PiXW', NULL, NULL, NULL, 'jhonnyjid@email.com', '2003-02-15', '2022-08-15', 'Patti Birapur', '2', '4', '110006', 'img-tec00003-portrait-young-male-teacher-background-school-blackboard-teacher-s-day-knowledge-day-back-to-school-study-159722312.jpg', NULL, NULL, '1', '2022-08-15 04:01:33'),
(4, '683611', '15', 'Kavita Sharma', 'tec00004', '1', '1', '2', 'Banno Devi', 'Mamchand Sharma', '7894561230', 'S2YDAO', 'kfgDoHp0czR6XTOt6wPaV5Nnyb8hF7Wd5mG47B0Z', 'cshrEuu7SJWv_fTbUiA8Ye:APA91bFi3jKzxkc1ilRnYnfe7NLVQGwvShyOglNiVZsF5UHxXCMdNy4rxs3cMgyq-VRmpVrkoqfnNl0YT_QNpiKGapMkpjf1tWgVEtCpL6Vkjcg43X_WxLeMITtJdasXfhb3aPI9kepo', NULL, NULL, 'kav@gmail.com', '1992-05-06', '2021-01-28', 'Gali MiraPur Baru Patti', '1', '1', '250611', 'img-tec00004-istockphoto-517042363-612x612.jpg', NULL, NULL, '1', '2022-08-28 03:17:57'),
(5, '683611', '16', 'Sweaty Sharma', 'tec00005', '13', '1', '2', 'Rekha Devi', 'Bunty Sharma', '9151446619', '6Q0xT6', 'h8RQPZBL1Ga03yrv72bjs2NgW9z3UuETfJ5m6xiS', 'cGqooieMSNWvUTWkhd9Gcr:APA91bGb53bIi9anqF17XUeKisc2qW0Lq2cJCkelEl-OvbAPHae-DksgXSuZuvrW3eAgKEhxfIBea78_dasy6TPnXUCW190BjiWLlp9r_UgNVa1881jnfmyERRMhP-jTZmMpFHDR65On', NULL, NULL, 'sweatyji11@gmail.com', '07/06/1994', '06/08/1904', 'Patti Chaudhran Gali Shivpuri', '1', '1', '250611', 'img-tec00005-istockphoto-1139495117-612x612.jpg', 'Msc Maths', '3', '1', '2022-08-28 04:08:01'),
(6, '683611', '17', 'babita sharama', 'tec00006', '13', '2', '2', 'usha', 'prem', '9898989898', 'r63meF', 'vAbNpPflz0Hx68aIWknCr6U4B697Rm232FOGwd2V', '', NULL, NULL, 'babita@gmail.com', '06/08/1999', '08/10/2022', 'A165 , 3rd floor', '2', '4', '110076', 'img-tec00006-Screenshot from 2022-08-18 18-35-25.png', '10th', '1', '1', '2022-08-30 14:42:38'),
(7, '965316', '18', 'babita sharama', 'tec00007', '1', '1', '2', 'usha', 'prem', '08700671965', 'Jfkyig', 'bQVR07GX3wfYPO9yjueA778mzSv8NcLnJ2o9BH0U', NULL, NULL, NULL, 'nguptani30@gmail.com', '06/17/2020', '08/06/2022', 'E165 , 3rd floor', '2', '4', '110059', 'img-tec00007-Screenshot from 2022-08-18 14-17-24.png', NULL, NULL, '1', '2022-08-30 14:47:57'),
(8, '724212', '19', 'Gaurav Jain', 'tec00008', '17', '18', '1', 'Krishna Jain', 'Sushil Kumar Jain', '9045308073', 'E60VYG', '7APlIKeyNV48gfBFO1ntCXdrpGQx1SJUmRE5v5ca', NULL, NULL, NULL, 'gaurav77@gmail.com', '07/28/1993', '11/01/2021', 'Bada Jain Mandir', '34', '19', '250611', 'img-tec00008-WhatsApp Image 2022-08-27 at 11.56.35.jpeg', NULL, NULL, '1', '2022-09-03 14:10:31'),
(9, '683611', '20', 'Satyender Sir Ji', 'tec00009', '14', '13', '1', 'Falana', 'Dikana', '9638527418', '13860C', 'bn084U0tZh66ug2TH9A6KisePlWV7LjmdcXyfQB2', 'cZw1dK9DR3OXmlQGfVOvdn:APA91bGIKI5MaHfhZbPD9PFpEd6rZj_nQK0WRQsPahxnIkZOHVR4d87BymWOXsgKwj5op3CM2FZktZwgcB0rXP9Bwo3NcHL4Q3GspivOqzhC8RL_vq7hrWCe1aYtRPf_XZiIcDA5wbc7', NULL, NULL, 'sat@gmaul.co', '09/01/2022', '09/01/2022', 'Gali ka pata hi nhi h', '1', '1', '098765', 'img-tec00009-images (20).jpeg', '1', '0', '1', '2022-09-06 15:23:38'),
(10, '965316', '21', 'babita sharama', 'tec000010', '19', '19', '2', 'maharani', 'janardan', '8900671965', 'c9M6O5', NULL, NULL, NULL, NULL, 'babita@gmail.com', '11/04/2009', '08/10/2022', 'E165 , 3rd floor', '', '', '110059', '', 'bed', '1', '1', '2022-09-11 13:52:51'),
(11, '683611', '22', 'Gaurav Jain', 'tec000011', '13', '1', '1', 'Krishna Jain', 'Sushil Jain', '9045308073', 'k9miEu', '54TO8qEcaWLSj2i150HRs9JG7VbKvFBuZngMoUzY', NULL, 1, 2, 'shrione77@gmail.com', '07/28/1993', '08/11/2021', 'Bada Jain Mandir', '1', '1', '250611', 'img-tec000011-1663837341WhatsApp Image 2022-09-22 at 14.30.51.jpeg', 'B. com', '1', '1', '2022-09-22 09:02:21'),
(12, '683611', '23', 'Priyanka Gupta', 'tec000012', '13', '1', '2', 'Vidisha Gupta', 'Shivmohan Gupta', '9638521475', 'P7gi3o', NULL, NULL, 1, 2, 'pri@gmail.com', '10/26/1994', '04/12/2022', 'Gurana Road Baraut', '1', '1', '250611', '', 'Bsc', '2', '1', '2022-09-22 09:09:52');

-- --------------------------------------------------------

--
-- Table structure for table `teachersubjects`
--

CREATE TABLE `teachersubjects` (
  `id` int(11) NOT NULL,
  `schoolUniqueCode` varchar(100) NOT NULL,
  `teacher_id` varchar(100) NOT NULL,
  `subject_ids` json NOT NULL,
  `status` enum('1','2','3','4') NOT NULL DEFAULT '1',
  `created_at` timestamp NOT NULL DEFAULT CURRENT_TIMESTAMP
) ENGINE=InnoDB DEFAULT CHARSET=utf8mb4;

--
-- Dumping data for table `teachersubjects`
--

INSERT INTO `teachersubjects` (`id`, `schoolUniqueCode`, `teacher_id`, `subject_ids`, `status`, `created_at`) VALUES
(2, '', '2', '[\"10\", \"9\", \"8\", \"7\", \"5\", \"2\"]', '1', '2022-08-22 02:09:13'),
(3, '', '3', '[\"8\", \"6\", \"2\"]', '1', '2022-08-22 03:40:05'),
(5, '', '1', '[\"8\", \"3\"]', '1', '2022-08-22 03:42:43'),
(8, '683611', '5', '[\"9\", \"8\", \"6\"]', '4', '2022-08-28 05:39:05'),
(9, '965316', '7', '[\"9\", \"8\", \"7\", \"4\", \"2\"]', '1', '2022-08-30 14:53:15'),
(10, '683611', '6', '[\"11\"]', '1', '2022-09-03 12:26:08'),
(11, '724212', '8', '[\"14\", \"13\", \"12\"]', '1', '2022-09-03 14:11:24'),
(12, '683611', '3', '[\"9\", \"8\", \"3\"]', '1', '2022-09-15 15:40:41');

-- --------------------------------------------------------

--
-- Table structure for table `tthours`
--

CREATE TABLE `tthours` (
  `id` int(11) NOT NULL,
  `schoolUniqueCode` varchar(100) NOT NULL,
  `start_time` time NOT NULL,
  `end_time` time NOT NULL,
  `status` enum('1','2','3','4') NOT NULL DEFAULT '1',
  `created_at` timestamp NOT NULL DEFAULT CURRENT_TIMESTAMP
) ENGINE=InnoDB DEFAULT CHARSET=utf8mb4;

--
-- Dumping data for table `tthours`
--

INSERT INTO `tthours` (`id`, `schoolUniqueCode`, `start_time`, `end_time`, `status`, `created_at`) VALUES
(1, '', '08:00:00', '08:30:00', '1', '2022-08-21 08:43:59'),
(3, '', '08:30:00', '09:00:00', '1', '2022-08-21 08:50:01'),
(4, '', '09:00:00', '09:30:00', '1', '2022-08-21 08:50:25'),
(5, '', '10:00:00', '10:30:00', '1', '2022-08-21 08:51:13'),
(6, '', '10:30:00', '11:00:00', '1', '2022-08-21 08:51:31'),
(7, '', '11:30:00', '12:00:00', '1', '2022-08-21 08:51:53'),
(8, '', '12:30:00', '13:00:00', '1', '2022-08-21 08:52:11'),
(9, '', '13:00:00', '13:30:00', '1', '2022-08-21 08:52:35'),
(10, '683611', '08:00:00', '08:30:00', '1', '2022-08-28 05:17:06'),
(11, '683611', '08:30:00', '09:00:00', '1', '2022-08-28 05:51:39'),
(12, '965316', '06:00:00', '06:30:00', '1', '2022-08-28 14:36:07'),
(13, '965316', '07:00:00', '07:10:00', '1', '2022-08-28 14:36:57'),
(14, '965316', '06:30:00', '07:00:00', '1', '2022-08-28 14:37:31'),
(15, '683611', '09:00:00', '09:30:00', '1', '2022-08-30 03:24:06'),
(16, '965316', '07:30:00', '08:00:00', '1', '2022-08-30 14:51:50'),
(17, '724212', '08:00:00', '09:00:00', '1', '2022-09-03 13:58:11'),
(18, '724212', '09:00:00', '10:00:00', '1', '2022-09-03 13:58:37');

-- --------------------------------------------------------

--
-- Table structure for table `users`
--

CREATE TABLE `users` (
  `id` int(11) NOT NULL,
  `schoolUniqueCode` varchar(100) NOT NULL,
  `name` varchar(100) NOT NULL,
  `email` varchar(100) NOT NULL,
  `password` varchar(255) NOT NULL,
  `user_type` varchar(10) DEFAULT NULL,
  `salt` varchar(255) DEFAULT NULL,
  `auth_token` varchar(100) DEFAULT NULL,
  `fcm_token` text,
  `mobile` int(100) DEFAULT NULL,
  `status` enum('1','2','3','4') NOT NULL DEFAULT '1',
  `created_at` timestamp NOT NULL DEFAULT CURRENT_TIMESTAMP
) ENGINE=InnoDB DEFAULT CHARSET=utf8mb4;

--
-- Dumping data for table `users`
--

INSERT INTO `users` (`id`, `schoolUniqueCode`, `name`, `email`, `password`, `user_type`, `salt`, `auth_token`, `fcm_token`, `mobile`, `status`, `created_at`) VALUES
(3, '683611', 'Admin', 'admin@email.com', 'b0FsYk1ZMXRMekQreDg1NDlXU1B3UT09', 'Admin', 'UV99RQ4wa6by8TIs5m48Od5EWiMvtGSzZ1kClJuj', NULL, NULL, NULL, '1', '2022-08-24 11:20:57'),
(4, '683611', 'Staff', 'staff@email.com', 'aWFWdnlQZ3JabW15Q3dGY3dnZnZZdz09', 'Staff', 'btSAMFfLY8wdu0iUXGcyOn3hm65vEIjpWrazDQ2J', NULL, NULL, NULL, '1', '2022-08-24 12:36:34'),
(5, '683611', 'Principle', 'principle@email.com', 'eDZOelBweFNvU1M0dnkyZjlUMERSQT09', 'Principal', 'nJjA5v1w8194uOP7Cg6sri9SmGW2qRZ0UHMQbVkT', NULL, NULL, NULL, '1', '2022-08-24 12:38:12'),
(7, '683611', 'Pappu Staff', 'pappu@staff.com', 'SzRFM2hJSEZ2cVMwVnBtWkFLUTNpZz09', 'Staff', 'ANUb7FTJW5f2OiQI9qr30sZzPvktCcn0Djpxl1G6', NULL, NULL, NULL, '1', '2022-08-24 12:49:40'),
(11, '683611', 'Testing User', 'test@email.com', 'MTFhVEd3K0JnVGpKcnA1OWtSLzFrUT09', 'Principal', 'iQFPs9fILB4ewxWh1grbtmH4XzJuCK5qV38YOo0R', NULL, NULL, NULL, '1', '2022-08-25 02:42:21'),
(14, '683611', 'Principle Test', 'admin@koel.com', 'WXh1YysyVGZJbDlFM2RkOVo5dERQdz09', 'Principal', 'vmFx3PwLIdTGErn4sKM0lb7qQ12YyXt1HeiZJ5Wp', NULL, NULL, NULL, '1', '2022-08-25 02:51:10'),
(16, '973713', 'Joker Public Admin', 'joker@public.com', 'ZWN1a0dUOE5IWmlUUlAwaWs5ZFZ1Zz09', 'Admin', '47W6zb8e5Ho35QRnrKCsIG9Z8YwldPcTha9iN1OA', NULL, NULL, NULL, '1', '2022-08-28 08:46:57'),
(17, '963852', 'Super CEO Account', 'superCEO@digitalfied.in', 'NDd6REtwV3Z3TWgrZG9iSmE2UTk0UT09', 'SuperCEO', 'dLbum9UfeRZxwv27EK1PqGyA5WOQJo46Ih0siX0k', NULL, NULL, NULL, '1', '2022-08-28 09:47:47'),
(32, '467886', 'Admin', 'Admin@email.com', 'VkJ5elRrY01za05EWS9zZnowdklnZz09', 'Admin', 'egTQftbmXFI354CLB2oGARV2P5y70hsz3d69u4W8', NULL, NULL, NULL, '1', '2022-08-28 13:26:22'),
(33, '467886', 'Staff', 'Staff@email.com', 'ekRmZGRhS0NCd2lWekNsdERPK2pVQT09', 'Staff', '5XYO2CiD64vmQju5pJK92Elt88VxyLsrhnbWok5q', NULL, NULL, NULL, '1', '2022-08-28 13:26:22'),
(34, '467886', 'Principal', 'Principal@email.com', 'MTJLb05nQ1BnQ3NucjN1QW5ZSTJhZz09', 'Principal', 'nN29AaHPhLsbcuzolV5F1U0Rk78edS3K9riTpEIW', NULL, NULL, NULL, '1', '2022-08-28 13:26:22'),
(35, '467886', 'Test School Admin', 'gs27349gs@gmail.com', 'M0JVUzJtaVlBRzVNb2Q5cW4ya3JKQT09', 'Admin', '5wcOG6Q4Il90o1PyeEX6C7Ngb2dx2YUvAFiZpj3R', NULL, NULL, NULL, '1', '2022-08-28 13:26:22'),
(36, '467886', 'Test Kara', 'testkaraadmin@test.com', 'bk9FVjBydXZkSHlyZ1g3ZlUxclpQdz09', 'Admin', 'IR82YkgBipD3FNLSvx0aeOsjhXA4Pq2r50E6GmnT', NULL, NULL, NULL, '1', '2022-08-28 13:31:15'),
(37, '219981', 'Admin', 'Admin@email.com', 'MHhET3paRUhuVHFOSVpqNG1HTHNqdz09', 'Admin', 'egP0Q9VnKkO4LRGDlFX3cW31r4yEm0foCNb7wIdB', NULL, NULL, NULL, '1', '2022-08-28 13:45:57'),
(38, '219981', 'Staff', 'Staff@email.com', 'c1pDK2NVSDVRMlMrcjAySEVFa1ZpUT09', 'Staff', 'k5p5s8KFNR79QDqGTiom0EfSdWvy7jL1OrA12xcI', NULL, NULL, NULL, '1', '2022-08-28 13:45:57'),
(39, '219981', 'Principal', 'Principal@email.com', 'WTdDYk84TmZXdWZ2NEFZL2dXWVZtZz09', 'Principal', 'tvXNdIFp5mJB6EbqMG3ykDcluKoS9HCAT615UPf4', NULL, NULL, NULL, '1', '2022-08-28 13:45:57'),
(40, '219981', 'Digital Admin', 'ramji27349@gmail.com', 'dTlYS3FGaml6a2lveThHWEF4OEt1UT09', 'Admin', 'R20T6ishAcav5411YDqOzW47E2Bm3X9IFyLSjxZH', NULL, NULL, NULL, '1', '2022-08-28 13:45:57'),
(41, '951166', 'Admin', 'Admin@email.com', 'QmlKN3M0T1UzODFRc3JPdE5VbE1EZz09', 'Admin', '295aC8VJMi027nlUKDm1IBkt3r2SgWXo4eEYu50f', NULL, NULL, NULL, '1', '2022-08-28 13:51:40'),
(42, '951166', 'Staff', 'Staff@email.com', 'Q2x5U08vTUQvUmpPL0M1THZYZE5CUT09', 'Staff', 'c4k5HTe7QEFj68CUd0Yv2g1yOZiVuMpKmnfaSLAr', NULL, NULL, NULL, '1', '2022-08-28 13:51:40'),
(43, '951166', 'Principal', 'Principal@email.com', 'dFQ1MkdnTXFBVGpmTDFnK3pOY3Uzdz09', 'Principal', 'zUElrSKNYxdOtVQ8ajvi78hgu44C6oHf0W5pyZ9M', NULL, NULL, NULL, '1', '2022-08-28 13:51:40'),
(44, '951166', 'SBPS School Admin', 'mihiryadavofficial@gmail.com', 'MU9IdzZ0MWd3SVUxa1dIbk92elJjZz09', 'Admin', 'bmF4Ilji1f2hZV0YsvJ8979k1ErpedR6D84TN5OU', NULL, NULL, NULL, '1', '2022-08-28 13:51:40'),
(45, '965316', 'Admin', 'Admin@email.com', 'MFpORisvUmFnT2E2QzFvNEhGVFpyZz09', 'Admin', '7QXHl02wZaNpFf3dxtniW0z0VOh5RkoyIE5bMG7s', NULL, NULL, NULL, '1', '2022-08-28 14:21:26'),
(46, '965316', 'Staff', 'Staff@email.com', 'aTVDWFNpTSsrNVBVQXhQWWFMZDduUT09', 'Staff', 'e8U2v5YiySj74qw3AWRnr5NLoBhMVKbgG869kFdp', NULL, NULL, NULL, '1', '2022-08-28 14:21:26'),
(47, '965316', 'Principal', 'Principal@email.com', 'eklnUHJZTnArRDMzY2dMNm9sVmkyQT09', 'Principal', 'SCrsL03y72X6exYt85wHJ89vqzTQmgW7j6VGbN0A', NULL, NULL, NULL, '1', '2022-08-28 14:21:26'),
(48, '965316', 'svt public school Admin', 'ni30.dev@gmail.com', 'ak55K2paRy8zczJTdkxwejJMTmt5dz09', 'Admin', '5G22kpaA2xiY8LCo9fd9zb3hjU9seFgw7cX6VItQ', NULL, NULL, NULL, '1', '2022-08-28 14:21:26'),
(49, '965316', 'rakesh', 'ca@rajesh.com', 'SzhoUmoyazZyT05CbFkzbVRDalZOUT09', 'Staff', 'uR1K5jG5oVUB40E4teAIWvfFP99MTprN73i2g6h1', NULL, NULL, NULL, '1', '2022-08-28 14:45:58'),
(50, '491608', 'Admin', 'Admin@email.com', 'L0RVV1ZiU2VuLzk5dHl6VE1pd1hSZz09', 'Admin', '4ZQgHYu0XCL9MitF27yWvUPz0Dm3xOVa6815qnoh', NULL, NULL, NULL, '1', '2022-08-30 03:33:14'),
(51, '491608', 'Staff', 'Staff@email.com', 'bXZ6Q05aTU9OemVrcDhzcyt4K3AxZz09', 'Staff', '5wiKl6L93JWg72VIFDPqcpSvY71k1fTCy8MnAsxe', NULL, NULL, NULL, '1', '2022-08-30 03:33:14'),
(52, '491608', 'Principal', 'Principal@email.com', 'bzdTTWJockNnMlhIUXp2VFNWRzB6UT09', 'Principal', 'Tht0Og20SDI0pq3xHdPEeBcA718bjG1wY6y9VoaZ', NULL, NULL, NULL, '1', '2022-08-30 03:33:14'),
(53, '491608', 'Vidya Sagar School Admin', 'gs27349@gmail.com', 'cTBYMlRhVnpkakhJcUNrYWdKZ2E2Zz09', 'Admin', 'QzY65Bt7ic9hMN4y0bDGIlZLrv5qXa767S2CeW8F', NULL, NULL, NULL, '1', '2022-08-30 03:33:14'),
(54, '724212', 'Admin', 'Admin@email.com', 'YzNWeGtNWFFPK3d3NWNWU2VmdjJFdz09', 'Admin', '5CiDL7hv1JqTQY7jSOcRd1p3t6Uka7fwZ6M0xX4A', NULL, NULL, NULL, '1', '2022-09-03 13:48:43'),
(55, '724212', 'Staff', 'Staff@email.com', 'R1lCNm42bW5KWmtuVm1RU1pFNjJ3UT09', 'Staff', 'aWRKFP3nxO08Y4JB6254i5MIcVgQyqrpN46Hv61X', NULL, NULL, NULL, '1', '2022-09-03 13:48:43'),
(56, '724212', 'Principal', 'Principal@email.com', 'N2hMZUFQN29Kd0xBQ3ZtdzFnQVl1dz09', 'Principal', 'Fe5x0XmAb8PZdipRYfK9J73rChOG8wUlB0MS6Lt4', NULL, NULL, NULL, '1', '2022-09-03 13:48:43'),
(57, '724212', 'Shrione Public School Admin', 'shrione77@gmail.com', 'elZnd3BTR0ljWGhlKzRPOFhtdEJzQT09', 'Admin', 'VXMrUvb0ehBqTY62D45RHGNP2Fk94u4go7J3ifE3', NULL, NULL, NULL, '1', '2022-09-03 13:48:43'),
(58, '945537', 'Admin', 'Admin@email.com', 'N0cram9LcGFVZHFZRW1YR1prSGVIdz09', 'Admin', 'YQTe0XKis8ZvzhFf38ugGj2l7JEHI3MP3ybB0po8', NULL, NULL, NULL, '1', '2022-09-18 02:18:57'),
(59, '945537', 'Staff', 'Staff@email.com', 'S1JwTHZwRWhEMjZXa095MkZEcGlpdz09', 'Staff', 'Wk0BN2Q3If6Auw74xPHvcgJh2Kjy5a8lSDdFXTeC', NULL, NULL, NULL, '1', '2022-09-18 02:18:57'),
(60, '945537', 'Principal', 'Principal@email.com', 'dFJrL2N0dkNCWVhxRDExemE3aFEydz09', 'Principal', '7H6cFRVj0PCW9Eg702fn6da8mOpvBkQD94G3z1AK', NULL, NULL, NULL, '1', '2022-09-18 02:18:57'),
(61, '945537', 'Digital International School Admin', 'digitalfied@gmail.com', 'eEVBSmhjcFVCVGYvWFhCcmhZTEcwUT09', 'Admin', '1J2Qthm3ikAZeGOnUMcP9uo7g4bzKd6R2sC8r4Wx', NULL, NULL, NULL, '1', '2022-09-18 02:18:57'),
(62, '945537', 'Admin', 'Admin@email.com', 'L1luZ3d5S0hJU0kwMkJDUzlUdTdCZz09', 'Admin', '5RD6BfCcXvbkHlg07tM29OGhxu0w347QPSyAzni1', NULL, NULL, NULL, '1', '2022-09-18 02:20:03'),
(63, '945537', 'Staff', 'Staff@email.com', 'TWgyM0o0L3hhanhUMGhlSDVCN3hxQT09', 'Staff', 'Fr6n0NL3TzAUZfsay7H09SMOJgp1xh8574udi6Cc', NULL, NULL, NULL, '1', '2022-09-18 02:20:03'),
(64, '945537', 'Principal', 'Principal@email.com', 'amVROWtuUFpIU1V6cEpJMnpEWWh0QT09', 'Principal', 'sMdDklcPbF13SN4n7u6gztx5pv5BQ3CLrTq6G74e', NULL, NULL, NULL, '1', '2022-09-18 02:20:03'),
(65, '945537', 'Digital International School Admin', 'digitalfied@gmail.com', 'SWcrNjB3eVFVWEZ6Si8rcm9CUFMyUT09', 'Admin', 'HL7Ul93SvwfjczbtnG2moh8qg56yC6xFWkTMNA7Z', NULL, NULL, NULL, '1', '2022-09-18 02:20:03'),
(66, '683611', 'Kallu Kanpuriya i', 'kallu@kanpur.com', 'TFcwZ2pTeGVyMTZXejB5dXVqOTRQZz09', 'Staff', 'qSsEX0dQ8iM3GLUP7THkfpob3rBaIem53cARVzuw', 'wAZ568XaMlxWB13ij1VSFsT2r99efvuczRbGKp47', '', 2147483647, '1', '2022-09-24 11:44:22'),
(67, '683611', 'Jhonny Bhai', 'jh@email.com', 'eGtTdkNOdWRUdXFEQnFDcUpCT1ZIdz09', 'Staff', '2lpLKcEkGSw9TV4gnY3MU6OAez4Q5F2ybHNDIPq8', 'GaV65HmQkEwLSsIY2287At14JOF1NqBouiWhfDeP', 'cZw1dK9DR3OXmlQGfVOvdn:APA91bGIKI5MaHfhZbPD9PFpEd6rZj_nQK0WRQsPahxnIkZOHVR4d87BymWOXsgKwj5op3CM2FZktZwgcB0rXP9Bwo3NcHL4Q3GspivOqzhC8RL_vq7hrWCe1aYtRPf_XZiIcDA5wbc7', 1472583690, '1', '2022-09-27 15:42:55');

-- --------------------------------------------------------

--
-- Table structure for table `visitor_entry`
--

CREATE TABLE `visitor_entry` (
  `id` int(11) NOT NULL,
  `schoolUniqueCode` varchar(100) NOT NULL,
  `visit_date` date NOT NULL,
  `visit_time` time NOT NULL,
  `visitor_name` varchar(100) NOT NULL,
  `person_to_meet` varchar(100) NOT NULL,
  `purpose_to_meet` text NOT NULL,
  `visitor_mobile_no` varchar(100) NOT NULL,
  `visitor_image` varchar(255) NOT NULL,
  `status` enum('1','2','3','4') NOT NULL DEFAULT '1',
  `created_at` timestamp NOT NULL DEFAULT CURRENT_TIMESTAMP
) ENGINE=InnoDB DEFAULT CHARSET=latin1;

--
-- Dumping data for table `visitor_entry`
--

INSERT INTO `visitor_entry` (`id`, `schoolUniqueCode`, `visit_date`, `visit_time`, `visitor_name`, `person_to_meet`, `purpose_to_meet`, `visitor_mobile_no`, `visitor_image`, `status`, `created_at`) VALUES
(1, '683611', '2022-09-07', '07:00:00', 'Jhonny', 'Maths Sir Arjun', 'Need to discuss about a question', '6397520221', '', '1', '2022-09-07 11:56:05'),
(2, '683611', '2022-09-10', '12:05:00', 'Satyendra', 'Tmkoc', 'Discuss about math ', '74767767677', '', '1', '2022-09-10 06:36:25'),
(3, '683611', '2022-09-10', '14:02:00', 'Hdfj', 'Udjjjf', 'Hdu', '6766765788', '', '1', '2022-09-10 08:33:19'),
(4, '683611', '2022-09-10', '14:08:00', 'B nc', 'Cjff', 'Mckcm', '9888888888', 'visitor_img_1662799296.png', '1', '2022-09-10 08:41:36'),
(5, '683611', '2022-09-11', '10:17:00', 'Satender', 'Gaurav', 'App Development ', '3692500857', 'visitor_img_1662871724.png', '1', '2022-09-11 04:48:44');

-- --------------------------------------------------------

--
-- Table structure for table `week`
--

CREATE TABLE `week` (
  `id` int(11) NOT NULL,
  `weekName` varchar(100) NOT NULL,
  `status` enum('1','2') NOT NULL DEFAULT '1',
  `created_at` timestamp NOT NULL DEFAULT CURRENT_TIMESTAMP
) ENGINE=InnoDB DEFAULT CHARSET=utf8mb4;

--
-- Dumping data for table `week`
--

INSERT INTO `week` (`id`, `weekName`, `status`, `created_at`) VALUES
(1, 'Monday', '1', '2022-08-21 08:30:28'),
(2, 'Tuesday', '1', '2022-08-21 08:30:28'),
(3, 'Wednesday', '1', '2022-08-21 08:30:28'),
(4, 'Thursday', '1', '2022-08-21 08:30:28'),
(5, 'Friday', '1', '2022-08-21 08:30:28'),
(6, 'Saturday', '1', '2022-08-21 08:30:28'),
(9, 'Sunday', '1', '2022-08-27 08:47:08');

--
-- Indexes for dumped tables
--

--
-- Indexes for table `admin_panel_menu`
--
ALTER TABLE `admin_panel_menu`
  ADD PRIMARY KEY (`id`);

--
-- Indexes for table `attendence`
--
ALTER TABLE `attendence`
  ADD PRIMARY KEY (`id`);

--
-- Indexes for table `banner_for_app`
--
ALTER TABLE `banner_for_app`
  ADD PRIMARY KEY (`id`);

--
-- Indexes for table `city`
--
ALTER TABLE `city`
  ADD PRIMARY KEY (`id`);

--
-- Indexes for table `class`
--
ALTER TABLE `class`
  ADD PRIMARY KEY (`id`);

--
-- Indexes for table `classshedule`
--
ALTER TABLE `classshedule`
  ADD PRIMARY KEY (`id`);

--
-- Indexes for table `complaint`
--
ALTER TABLE `complaint`
  ADD PRIMARY KEY (`id`);

--
-- Indexes for table `departure`
--
ALTER TABLE `departure`
  ADD PRIMARY KEY (`id`);

--
-- Indexes for table `driver`
--
ALTER TABLE `driver`
  ADD PRIMARY KEY (`id`);

--
-- Indexes for table `exam`
--
ALTER TABLE `exam`
  ADD PRIMARY KEY (`id`),
  ADD KEY `class_id` (`class_id`);

--
-- Indexes for table `fees`
--
ALTER TABLE `fees`
  ADD PRIMARY KEY (`id`);

--
-- Indexes for table `feesforstudent`
--
ALTER TABLE `feesforstudent`
  ADD PRIMARY KEY (`id`);

--
-- Indexes for table `get_digi_coin`
--
ALTER TABLE `get_digi_coin`
  ADD PRIMARY KEY (`id`);

--
-- Indexes for table `gift`
--
ALTER TABLE `gift`
  ADD PRIMARY KEY (`id`);

--
-- Indexes for table `home_work`
--
ALTER TABLE `home_work`
  ADD PRIMARY KEY (`id`);

--
-- Indexes for table `month`
--
ALTER TABLE `month`
  ADD PRIMARY KEY (`id`);

--
-- Indexes for table `panel_menu_permission`
--
ALTER TABLE `panel_menu_permission`
  ADD PRIMARY KEY (`id`);

--
-- Indexes for table `push_notification`
--
ALTER TABLE `push_notification`
  ADD PRIMARY KEY (`id`);

--
-- Indexes for table `qrcode_drivers`
--
ALTER TABLE `qrcode_drivers`
  ADD PRIMARY KEY (`id`),
  ADD KEY `qrcodeUrl` (`qrcodeUrl`);

--
-- Indexes for table `qrcode_schools`
--
ALTER TABLE `qrcode_schools`
  ADD PRIMARY KEY (`id`),
  ADD KEY `qrcodeUrl` (`qrcodeUrl`);

--
-- Indexes for table `qrcode_students`
--
ALTER TABLE `qrcode_students`
  ADD PRIMARY KEY (`id`),
  ADD KEY `qrcodeUrl` (`qrcodeUrl`);

--
-- Indexes for table `qrcode_teachers`
--
ALTER TABLE `qrcode_teachers`
  ADD PRIMARY KEY (`id`),
  ADD KEY `qrcodeUrl` (`qrcodeUrl`);

--
-- Indexes for table `rating_and_reviews`
--
ALTER TABLE `rating_and_reviews`
  ADD PRIMARY KEY (`id`);

--
-- Indexes for table `redeem_gifts`
--
ALTER TABLE `redeem_gifts`
  ADD PRIMARY KEY (`id`);

--
-- Indexes for table `result`
--
ALTER TABLE `result`
  ADD PRIMARY KEY (`id`);

--
-- Indexes for table `schoolmaster`
--
ALTER TABLE `schoolmaster`
  ADD PRIMARY KEY (`id`),
  ADD KEY `unique_id` (`unique_id`);

--
-- Indexes for table `section`
--
ALTER TABLE `section`
  ADD PRIMARY KEY (`id`);

--
-- Indexes for table `set_digi_coin`
--
ALTER TABLE `set_digi_coin`
  ADD PRIMARY KEY (`id`);

--
-- Indexes for table `state`
--
ALTER TABLE `state`
  ADD PRIMARY KEY (`id`);

--
-- Indexes for table `students`
--
ALTER TABLE `students`
  ADD PRIMARY KEY (`id`),
  ADD KEY `mobile` (`mobile`);

--
-- Indexes for table `subject`
--
ALTER TABLE `subject`
  ADD PRIMARY KEY (`id`);

--
-- Indexes for table `teachers`
--
ALTER TABLE `teachers`
  ADD PRIMARY KEY (`id`),
  ADD KEY `mobile` (`mobile`);

--
-- Indexes for table `teachersubjects`
--
ALTER TABLE `teachersubjects`
  ADD PRIMARY KEY (`id`);

--
-- Indexes for table `tthours`
--
ALTER TABLE `tthours`
  ADD PRIMARY KEY (`id`);

--
-- Indexes for table `users`
--
ALTER TABLE `users`
  ADD PRIMARY KEY (`id`);

--
-- Indexes for table `visitor_entry`
--
ALTER TABLE `visitor_entry`
  ADD PRIMARY KEY (`id`);

--
-- Indexes for table `week`
--
ALTER TABLE `week`
  ADD PRIMARY KEY (`id`);

--
-- AUTO_INCREMENT for dumped tables
--

--
-- AUTO_INCREMENT for table `admin_panel_menu`
--
ALTER TABLE `admin_panel_menu`
  MODIFY `id` int(11) NOT NULL AUTO_INCREMENT, AUTO_INCREMENT=54;

--
-- AUTO_INCREMENT for table `attendence`
--
ALTER TABLE `attendence`
  MODIFY `id` int(11) NOT NULL AUTO_INCREMENT, AUTO_INCREMENT=424;

--
-- AUTO_INCREMENT for table `banner_for_app`
--
ALTER TABLE `banner_for_app`
  MODIFY `id` int(11) NOT NULL AUTO_INCREMENT, AUTO_INCREMENT=4;

--
-- AUTO_INCREMENT for table `city`
--
ALTER TABLE `city`
  MODIFY `id` int(11) NOT NULL AUTO_INCREMENT, AUTO_INCREMENT=22;

--
-- AUTO_INCREMENT for table `class`
--
ALTER TABLE `class`
  MODIFY `id` int(11) NOT NULL AUTO_INCREMENT, AUTO_INCREMENT=22;

--
-- AUTO_INCREMENT for table `classshedule`
--
ALTER TABLE `classshedule`
  MODIFY `id` int(11) NOT NULL AUTO_INCREMENT, AUTO_INCREMENT=11;

--
-- AUTO_INCREMENT for table `complaint`
--
ALTER TABLE `complaint`
  MODIFY `id` int(11) NOT NULL AUTO_INCREMENT;

--
-- AUTO_INCREMENT for table `departure`
--
ALTER TABLE `departure`
  MODIFY `id` int(11) NOT NULL AUTO_INCREMENT, AUTO_INCREMENT=47;

--
-- AUTO_INCREMENT for table `driver`
--
ALTER TABLE `driver`
  MODIFY `id` int(11) NOT NULL AUTO_INCREMENT, AUTO_INCREMENT=11;

--
-- AUTO_INCREMENT for table `exam`
--
ALTER TABLE `exam`
  MODIFY `id` int(11) NOT NULL AUTO_INCREMENT, AUTO_INCREMENT=32;

--
-- AUTO_INCREMENT for table `fees`
--
ALTER TABLE `fees`
  MODIFY `id` int(11) NOT NULL AUTO_INCREMENT, AUTO_INCREMENT=8;

--
-- AUTO_INCREMENT for table `feesforstudent`
--
ALTER TABLE `feesforstudent`
  MODIFY `id` int(11) NOT NULL AUTO_INCREMENT, AUTO_INCREMENT=5;

--
-- AUTO_INCREMENT for table `get_digi_coin`
--
ALTER TABLE `get_digi_coin`
  MODIFY `id` int(11) NOT NULL AUTO_INCREMENT, AUTO_INCREMENT=471;

--
-- AUTO_INCREMENT for table `gift`
--
ALTER TABLE `gift`
  MODIFY `id` int(11) NOT NULL AUTO_INCREMENT, AUTO_INCREMENT=13;

--
-- AUTO_INCREMENT for table `home_work`
--
ALTER TABLE `home_work`
  MODIFY `id` int(11) NOT NULL AUTO_INCREMENT, AUTO_INCREMENT=11;

--
-- AUTO_INCREMENT for table `month`
--
ALTER TABLE `month`
  MODIFY `id` int(11) NOT NULL AUTO_INCREMENT, AUTO_INCREMENT=13;

--
-- AUTO_INCREMENT for table `panel_menu_permission`
--
ALTER TABLE `panel_menu_permission`
  MODIFY `id` int(11) NOT NULL AUTO_INCREMENT, AUTO_INCREMENT=63;

--
-- AUTO_INCREMENT for table `push_notification`
--
ALTER TABLE `push_notification`
  MODIFY `id` int(11) NOT NULL AUTO_INCREMENT, AUTO_INCREMENT=7;

--
-- AUTO_INCREMENT for table `qrcode_drivers`
--
ALTER TABLE `qrcode_drivers`
  MODIFY `id` int(11) NOT NULL AUTO_INCREMENT, AUTO_INCREMENT=10;

--
-- AUTO_INCREMENT for table `qrcode_schools`
--
ALTER TABLE `qrcode_schools`
  MODIFY `id` int(11) NOT NULL AUTO_INCREMENT, AUTO_INCREMENT=25;

--
-- AUTO_INCREMENT for table `qrcode_students`
--
ALTER TABLE `qrcode_students`
  MODIFY `id` int(11) NOT NULL AUTO_INCREMENT, AUTO_INCREMENT=162;

--
-- AUTO_INCREMENT for table `qrcode_teachers`
--
ALTER TABLE `qrcode_teachers`
  MODIFY `id` int(11) NOT NULL AUTO_INCREMENT, AUTO_INCREMENT=24;

--
-- AUTO_INCREMENT for table `rating_and_reviews`
--
ALTER TABLE `rating_and_reviews`
  MODIFY `id` int(11) NOT NULL AUTO_INCREMENT, AUTO_INCREMENT=8;

--
-- AUTO_INCREMENT for table `redeem_gifts`
--
ALTER TABLE `redeem_gifts`
  MODIFY `id` int(11) NOT NULL AUTO_INCREMENT, AUTO_INCREMENT=30;

--
-- AUTO_INCREMENT for table `result`
--
ALTER TABLE `result`
  MODIFY `id` int(11) NOT NULL AUTO_INCREMENT, AUTO_INCREMENT=62;

--
-- AUTO_INCREMENT for table `schoolmaster`
--
ALTER TABLE `schoolmaster`
  MODIFY `id` int(11) NOT NULL AUTO_INCREMENT, AUTO_INCREMENT=11;

--
-- AUTO_INCREMENT for table `section`
--
ALTER TABLE `section`
  MODIFY `id` int(11) NOT NULL AUTO_INCREMENT, AUTO_INCREMENT=20;

--
-- AUTO_INCREMENT for table `set_digi_coin`
--
ALTER TABLE `set_digi_coin`
  MODIFY `id` int(11) NOT NULL AUTO_INCREMENT, AUTO_INCREMENT=14;

--
-- AUTO_INCREMENT for table `state`
--
ALTER TABLE `state`
  MODIFY `id` int(11) NOT NULL AUTO_INCREMENT, AUTO_INCREMENT=35;

--
-- AUTO_INCREMENT for table `students`
--
ALTER TABLE `students`
  MODIFY `id` int(11) NOT NULL AUTO_INCREMENT, AUTO_INCREMENT=167;

--
-- AUTO_INCREMENT for table `subject`
--
ALTER TABLE `subject`
  MODIFY `id` int(11) NOT NULL AUTO_INCREMENT, AUTO_INCREMENT=15;

--
-- AUTO_INCREMENT for table `teachers`
--
ALTER TABLE `teachers`
  MODIFY `id` int(11) NOT NULL AUTO_INCREMENT, AUTO_INCREMENT=13;

--
-- AUTO_INCREMENT for table `teachersubjects`
--
ALTER TABLE `teachersubjects`
  MODIFY `id` int(11) NOT NULL AUTO_INCREMENT, AUTO_INCREMENT=13;

--
-- AUTO_INCREMENT for table `tthours`
--
ALTER TABLE `tthours`
  MODIFY `id` int(11) NOT NULL AUTO_INCREMENT, AUTO_INCREMENT=19;

--
-- AUTO_INCREMENT for table `users`
--
ALTER TABLE `users`
  MODIFY `id` int(11) NOT NULL AUTO_INCREMENT, AUTO_INCREMENT=68;

--
-- AUTO_INCREMENT for table `visitor_entry`
--
ALTER TABLE `visitor_entry`
  MODIFY `id` int(11) NOT NULL AUTO_INCREMENT, AUTO_INCREMENT=6;

--
-- AUTO_INCREMENT for table `week`
--
ALTER TABLE `week`
  MODIFY `id` int(11) NOT NULL AUTO_INCREMENT, AUTO_INCREMENT=10;
COMMIT;

/*!40101 SET CHARACTER_SET_CLIENT=@OLD_CHARACTER_SET_CLIENT */;
/*!40101 SET CHARACTER_SET_RESULTS=@OLD_CHARACTER_SET_RESULTS */;
/*!40101 SET COLLATION_CONNECTION=@OLD_COLLATION_CONNECTION */;
